{
"TG":{
    "Aboulkas 2010 HDPE":{ "units":["K","%"],
                 "X":[321.01	,428.99725	,561.2966	,650.69196	,705.7677	,737.98975	,750.2169	,755.2996	,763.9673	,767.6035	,779.1079	,795.58075	,819.1828],
                 "Y":[100	,100	,98.7545	,98.02376	,95.76414	,86.66615	,71.11023	,54.03401	,34.87164	,21.400284	,7.551911	,2.0542662	,1.4924698]
                },
    "Kayacan 2008 HDPE":{ "units":["K","%"],
                 "X":[545.2361	,628.9024	,686.901	,725.8946	,749.8746	,755.8512	,759.4926	,762.1304	,766.4376	,769.0729	,776.71063	,782.68756	,799.66754],
                 "Y":[99.51835	,99.376755	,98.7743	,96.06968	,87.631744	,77.79393	,67.13713	,54.958378	,43.950092	,30.717476	,18.537258	,8.816541	,0.38065928]
                },
    "Kayacan 2008 HDPE waste":{ "units":["K","%"],
                 "X":[514.40784	,557.1927	,622.386	,669.58453	,721.1846	,742.2118	,754.37823	,757.3679	,763.744	,767.0623	,771.76483	,778.1657	,782.54016	,795.079],
                 "Y":[99.63696	,99.72988	,99.33674	,99.308846	,96.67787	,91.46449	,79.63696	,66.0418	,50.553387	,34.71217	,24.189285	,13.783602	,5.6249814	,0.5348238]
                },
    "Kumar 2011 HDPE":{ "units":["°C","%"],
                 "X":[43.537415	,110.20408	,186.39456	,266.66666	,329.2517	,371.42856	,413.60544	,447.61905	,465.30612	,481.63266	,492.517	,502.0408	,529.2517	,589.11566	,682.9932],
                 "Y":[99.57356	,100	,99.147125	,99.147125	,97.22814	,93.17697	,81.23667	,65.884865	,46.695095	,28.35821	,16.844349	,7.889126	,3.6247334	,3.4115138	,2.771855]
                }
    }
}
