{
"TG":{
    "Moltò 2007":{ "units":["s",""],
                 "X":[0,730.23285,882.0643,1012.31366,1110.2294,1165.2032,1209.8695,1247.0457,1280.5029,1324.7904,1429.9348,1711.9242,1993.8875,2192.693,2326.4133],
                 "Y":[1,1,0.996607225189365,0.978488632346594,0.932774095364473,0.826400258361757,0.644740915387543,0.499783268133674,0.369504921410359,0.241082245831312,0.195380998079597,0.18671981749263,0.181730111502981,0.180259308524041,0.182340564094686]
                }
    }
}
