{
"TG":{
    "Snegirev2012":{ "units":["°C",""],
                 "X":[397.73822,416.908,427.83975,439.69772,447.66733,452.9886,457.47623,463.29843,467.82574,473.62338,478.51553,485.11087,498.1919,515.5829],
                 "Y":[0.99815243,0.968678,0.9220892,0.83301926,0.7254801,0.6476493,0.54289377,0.4154935,0.2809925,0.17200606,0.08991982,0.03477072,0.0066265133,0.0068728523]
                }
    }
}