{
"TG":{
    "Jellinek 1949 HDPE":{ "units":["min","X"],
                 "X":[3.6231558,15.5019045,26.071602,35.349163,57.78915,62.767883],
                 "Y":[0.017623367,0.08341604,0.14604668,0.21200828,0.3371851,0.37582615]
                }
    }
}