{
"TG":{
    "Aboulkas 2010 LDPE":{ "units":["K","%"],
                 "X":[338.96655	,446.75034	,547.3486	,635.7313	,691.77716	,737.73566	,767.8153	,776.30896	,783.3448	,787.5305	,798.1832	,809.5632	,825.30774	,844.69165	,881.3295],
                 "Y":[100	,100	,100	,98.43874	,98.21051	,94.91181	,83.73868	,69.310135	,52.574837	,38.533676	,24.48837	,11.4041395	,4.2786536	,2.343149	,1.3581237]
                },
    "Kayacan 2008 LDPE":{ "units":["K","%"],
                 "X":[712.76526	,758.418	,783.5933	,790.8441	,796.59875	,799.7913	,800.7821	,805.8152	,808.6184	,815.09467	,821.2306	,833.21124	,847.4187	,879.9138],
                 "Y":[99.82179	,98.77678	,95.39995	,89.24172	,79.169754	,68.54064	,56.79481	,47.73016	,34.41681	,23.337517	,15.05494	,6.76746	,2.3931122	,0.5761366]
                },
    "Kayacan 2008 LDPE waste":{ "units":["K","%"],
                 "X":[528.8204	,615.3815	,700.8936	,760.2181	,783.91864	,799.5389	,805.73755	,811.5932	,819.1777	,826.77795	,833.7124	,847.6484	,866.4947],
                 "Y":[100	,100	,99.66458	,97.40187	,91.14565	,75.30648	,59.91848	,45.645496	,28.361528	,13.976089	,5.499577	,0.8095567	,0.464605]
                }
    
    }
}