{
"TG":{
    "Dubdub 2020 LDPE":{ "units":["K","%"],
                 "X":[473.85345	,519.55115	,588.76215	,645.99567	,680.6091	,702.8056	,712.5908	,722.8327	,729.5249	,733.9989	,738.46735	,742.04803	,751.8187],
                 "Y":[100	,99.87326	,99.562996	,98.74874	,95.26028	,89.43434	,78.93759	,62.940994	,47.10988	,31.278025	,17.779503	,4.447353	,0.117272995]
                },
    "Duque 2020 LDPE":{ "units":["°C","%"],
                 "X":[316.29456,366.21774,400.07288,424.66843,434.33505,443.3838,451.22308,457.9086,462.91617,466.7465,474.0792,488.39023,515.36365],
                 "Y":[99.8548,98.806694,98.028145,91.136665,83.80477,72.93629,57.117302,40.829014,28.08213,12.979126,2.585958,0,0]
                },
    "Kayacan 2008 LDPE":{ "units":["K","%"],
                 "X":[526.8266	,587.8307	,638.9709	,668.1934	,696.6483	,709.73785	,720.9629	,727.7753	,730.2163	,735.2494	,737.71936	,740.18933	,745.2164	,749.90216	,757.5343],
                 "Y":[99.53036	,99.47918	,99.32442	,99.18805	,94.913605	,88.07934	,76.99606	,62.67263	,49.695152	,40.6305	,30.896858	,21.163214	,11.427424	,4.376493	,0.007661391]
                },
    "Kayacan 2008 LDPE waste":{ "units":["K","%"],
                 "X":[525.6742	,569.65125	,600.01886	,649.2334	,685.171	,706.0744	,716.49744	,724.8031	,727.53876	,730.96643	,735.4552	,737.8479	,743.0305	,747.17084	,754.8095	,764.22504],
                 "Y":[100	,99.06885	,99.27488	,99.24745	,96.77481	,89.628296	,80.81539	,67.76735	,57.39798	,45.913403	,36.992325	,27.737968	,18.036129	,9.226728	,1.8646458	,0.29864684]
                },
    "Marcilla 2001 LDPE":{ "units":["°C","%"],
                 "X":[139.60307	,192.1602	,263.52365	,329.7527	,361.79257	,404.89804	,430.41818	,444.37027	,451.06534	,456.47055	,462.25302	,467.6316	,473.49075	,484.1149],
                 "Y":[99.98038	,99.412704	,99.079575	,98.241844	,97.31394	,92.6749	,82.825386	,70.56501	,58.95034	,46.69931	,30.366161	,15.946755	,5.8636365	,1.0049946]
                },    
    "Wu 1993 LDPE":{ "units":["K",""],
                 "X":[637.8409,674.38794,698.4279,715.61316,729.35645,738.2649,747.16473,753.27026,763.0994],
                 "Y":[0.9936749,0.9804525,0.924868,0.80914164,0.6467759,0.46511912,0.27371624,0.1272639,0.02548987]
                }
    }
}