{
"TG":{
    "Amorim 1982":{ "units":["min","X"],
                 "X":[9.736288,15.596162,19.034746,24.408598,29.783627,33.94948,37.85234,44.185307,52.452362,60.71002,75.02472,90.786316],
                 "Y":[0.10738849,0.22125979,0.34319568,0.45386449,0.56774354,0.68966776,0.7554161,0.8371769,0.9044603,0.94606155,0.9779347,0.98891777]
                }
    }
}