{
"TG":{
    "Leclerc 2018":{ "units":["°C",""],
                 "X":[351.1131,366.28366,382.26212,394.1113,402.81866,409.1921,414.12927,418.52783,423.19568,426.87613,430.01794,433.87793,439.44345,448.5099,459.37164],
                 "Y":[0.9919817,0.9816724,0.95532644,0.9049255,0.82588774,0.7273769,0.62084764,0.51431847,0.38717067,0.28293243,0.1901489,0.09965636,0.028636884,0.0022909509,0.0022909509]
                },
    "Lu 2021":{ "units":["°C",""],
                 "X":[275.7075,328.71515,367.8457,388.7017,400.72983,406.46378,415.3493,419.17758,423.66064,425.59818,433.2169,437.67905,447.79855,475.55972],
                 "Y":[0.96512616,0.94339114,0.91558677,0.8436909,0.7617508,0.6497792,0.54382336,0.45784226,0.32386434,0.23387381,0.13791168,0.045933753,0,0]
                },
    "Ozsin 2017":{ "units":["°C",""],
                 "X":[248.3131,320.51282,356.95007,386.63968,404.18353,410.93118,417.00406,423.07693,427.80026,435.2227,442.64508,453.44128,464.23752,488.52902,587.04456,705.803,790.82324,914.97974],
                 "Y":[1,1,0.9975845,0.96014494,0.865942,0.7705314,0.6727053,0.5785024,0.4673913,0.37439615,0.25603864,0.15821256,0.09178744,0.053140096,0.053140096,0.057971016,0.06400966,0.06763285]
                },
    "Nisar 2019":{ "units":["°C",""],
                 "X":[79.12844,149.31192,189.22018,266.97247,313.0734,339.22018,361.23853,375.68808,388.0734,401.1468,412.84402,435.55045,470.6422],
                 "Y":[1,0.98452014,0.98452014,0.9876161,0.95665634,0.876161,0.7306501,0.55727553,0.35913312,0.16408668,0.086687304,0.05882353,0.06501548]
                }
    
    }
}