{
"TG":{
    "Kim1999":{ "units":["min",""],
                 "X":[0,3.151173,4.693275,5.03227,6.293341,8.047661,10.800958,12.592918,16.160448,20.918608,26.101444,30.969988],
                 "Y":[0.98528445,0.9116921,0.79680085,0.6735411,0.54354507,0.38894948,0.1769364,0.09769639,0.050185688,0.019261995,0.008940913,0.005431162]
                }
    },
"Gas_Yield":{
    "Kim1999":{ "units":["min","w%"],
                 "X":[1e8],
                 "Y":{
                    "C7H8":[1.41],
                    "C8H10":[0.09],
                    "C8H8":[71.56],
                    "C9H10":[1.05],
                    "C15H16":[1.33],
                    "C16H16":[16.58],
                    "C24H24":[6.45]
                    },
                "names":["C7H8","C8H10","C8H8","C9H10","C15","C16","C24"]
                }    
     }
}            