{
"TG":{
    "Dhahak 2019":{ "units":["°C","%"],
                 "X":[300,321.396396396396,338.288288288288,356.306306306306,369.819819819819,387.837837837837,395.72072072072,401.351351351351,405.855855855855,409.234234234234,412.612612612612,415.99099099099,420.495495495495,425,429.504504504504,435.135135135135,441.891891891891,449.774774774774,462.162162162162,479.054054054054,498.198198198198,524.099099099099,548.873873873873],
                 "Y":[99.9999999999999,99.9999999999999,99.9999999999999,99.9999999999999,99.0049751243781,94.5273631840795,91.0447761194029,86.0696517412935,81.592039800995,76.6169154228855,71.1442786069651,64.1791044776119,53.731343283582,43.7810945273631,35.3233830845771,27.8606965174129,22.3880597014925,18.9054726368159,16.4179104477611,15.4228855721392,14.9253731343283,14.4278606965174,13.9303482587064]
                },
    "Dhahak 2020":{ "units":["°C","%"],
                 "X":[302.608695652173,326.086956521739,341.739130434782,360,378.260869565217,393.91304347826,406.95652173913,417.391304347826,425.217391304347,430.434782608695,435.652173913043,440.869565217391,446.086956521739,453.91304347826,469.565217391304,487.826086956521,508.695652173913,532.173913043478,555.652173913043,579.130434782608],
                 "Y":[100,100,100,100,100,98.0952380952381,91.4285714285714,80.9523809523809,70.4761904761904,59.047619047619,49.5238095238095,39.047619047619,29.5238095238095,23.8095238095238,20,18.0952380952381,18.0952380952381,18.0952380952381,18.0952380952381,18.0952380952381]
                },
    "Martin-Gullon 2001":{ "units":["K","%"],
                 "X":[453.757225433526,482.658959537572,519.653179190751,545.086705202312,578.612716763005,606.35838150289,630.635838150289,650.28901734104,659.537572254335,666.473988439306,674.566473988439,675.722543352601,683.815028901734,686.127167630057,690.751445086705,691.907514450867,697.687861271676,697.687861271676,702.312138728323,705.780346820809,708.092485549133,716.184971098266,724.277456647398,755.491329479768,799.421965317919,853.757225433526,783.236994219653,828.323699421965,882.658959537572,927.745664739884,956.64739884393,991.329479768786,1016.76300578034,1032.94797687861],
                 "Y":[99.7455470737913,99.7455470737913,99.4910941475826,98.9821882951653,98.9821882951653,98.9821882951653,98.9821882951653,97.9643765903307,96.1832061068702,91.8575063613231,87.2773536895674,82.6972010178117,78.8804071246819,72.5190839694656,67.1755725190839,61.0687022900763,55.7251908396946,50.6361323155216,42.4936386768447,36.1323155216284,30.2798982188295,24.4274809160305,19.5928753180661,15.7760814249363,13.4860050890585,12.2137404580152,15.7760814249363,15.0127226463104,14.5038167938931,13.9949109414758,13.9949109414758,13.4860050890585,12.9770992366412,12.9770992366412]
                },    
    "Brebu 2004":{ "units":["°C","%"],
                 "X":[352.158894645941,361.830742659758,373.316062176165,384.196891191709,395.682210708117,407.167530224525,418.652849740932,428.324697754749,434.974093264248,439.810017271157,444.041450777202,447.668393782383,451.295336787564,454.922279792746,457.944732297063,460.362694300518,465.198618307426,469.430051813471,478.497409326424,493.609671848013,508.117443868739,522.625215889464,537.737478411053,552.849740932642,566.14853195164,581.260794473229,597.582037996545],
                 "Y":[100,100,100,100,100,99.740932642487,95.8549222797927,90.1554404145078,84.1968911917099,76.9430051813472,69.6891191709845,63.2124352331607,56.7357512953368,49.7409326424871,43.7823834196892,38.860103626943,30.5699481865285,24.8704663212436,18.6528497409327,15.2849740932643,13.9896373056995,13.4715025906736,13.2124352331607,13.2124352331607,12.9533678756477,12.9533678756477,12.6943005181348]
                },
    "Das 2019":{ "units":["°C","%"],
                 "X":[299.412628487518,312.334801762114,326.431718061674,349.926578560939,365.785609397944,375.18355359765,382.819383259911,390.455212922173,395.741556534508,401.027900146842,406.314243759177,409.838472834067,413.950073421439,416.299559471365,419.823788546255,422.760646108663,424.522760646108,428.046989720998,430.983847283406,434.508076358296,440.381791483113,446.842878120411,457.41556534508,467.98825256975,483.259911894273,495.007342143906,514.977973568281,531.424375917768,549.632892804698,565.491923641703,577.826725403817,590.161527165932,598.972099853157,611.306901615271,623.054331864904,639.50073421439,651.835535976505,663.582966226138,675.330396475771,686.490455212922,695.888399412628],
                 "Y":[99.2665036674816,99.2665036674816,99.2665036674816,99.5110024449877,98.7775061124694,97.3105134474327,95.3545232273838,93.1540342298288,89.242053789731,85.5745721271393,81.1735941320293,76.0391198044009,69.9266503667481,64.7921760391198,59.4132029339853,54.0342298288508,48.4107579462102,41.320293398533,35.4523227383863,30.3178484107579,24.6943765281173,20.0488997555012,17.3594132029339,15.8924205378973,16.1369193154034,15.6479217603911,15.6479217603911,15.403422982885,14.9144254278728,14.9144254278728,14.6699266503667,14.6699266503667,14.4254278728606,14.4254278728606,14.1809290953545,14.1809290953545,13.4474327628361,13.6919315403422,13.6919315403422,13.4474327628361,13.4474327628361]
                },
    "Moltò 2007":{ "units":["K",""],
                 "X":[403.92926,467.2741,518.5396,564.8078,613.92456,639.57086,662.4006,678.87866,688.2545,695.47327,703.3986,711.32404,716.35516,737.03613,800.3911,855.91187,912.85443],
                 "Y":[1,1,1,1,0.992384063119036,0.964760303302737,0.90138350098481,0.774436867051706,0.629576032449482,0.510509039511108,0.397402482872627,0.284295926234145,0.226757102106612,0.179248060367485,0.167755837783886,0.162167511646966,0.158573842307386]
                }
    }
}
