{
"TG":{
    "Chen2007 APS":{ "units":["°C",""],
                 "X":[291.17834,315.76492,342.5273,362.7657,377.7901,384.98407,390.0066,394.16165,398.3152,402.25208,405.96817,410.55176,417.73703,428.39978,443.6304],
                 "Y":[0.997641,0.9977676,0.9979054,0.9748435,0.89770067,0.8037864,0.6802599,0.5374239,0.4048839,0.26590776,0.14880955,0.051020864,0.016308755,0.0073546213,0.007433029]
                },
    "Chen2007 IPS":{ "units":["°C",""],
                 "X":[325.99103,335.7827,358.6292,370.16418,379.74377,386.49805,392.38635,396.53592,399.81305,402.87396,405.284,408.78232,410.9716,414.0262,417.29694,425.35233],
                 "Y":[0.9991073,0.99529666,0.99155325,0.9697336,0.92859876,0.86557037,0.7729364,0.6674235,0.5760631,0.47569257,0.36244863,0.24663632,0.15527032,0.097370885,0.049768586,0.01634796]
                }
    }
}