{
"TG":{    
    "Bouster1980 EPS":{ "units":["h","X"],
                 "X":[0.11868405,0.41662604,0.72236276,1.2241027,1.7885702,2.454941,2.9724467,3.497835,3.9918947,4.5016494,5.0114393,5.4976864,5.991852,6.501756,6.76844,7.254837,7.7804365],
                 "Y":[0.021956043,0.06063713,0.10704491,0.18052714,0.26174617,0.359722,0.4229068,0.48094285,0.52996033,0.57898074,0.62285095,0.6667169,0.7002839,0.72741604,0.74677825,0.768756,0.79589105]
                }
    }
}