{
"TG":{
    "Khedri 2017 HDPE":{ "units":["min",""],
                 "X":[0,34.408604,64.22939,105.519714,146.81004,180.07169,230.53763,271.82794,307.3835,354.4086,414.05017,496.63083,558.5663,614.767,666.37994,696.20074],
                 "Y":[1,0.947826086956522,0.910144953416149,0.834782608695652,0.765217391304348,0.692753649068323,0.588405799689441,0.507246374223602,0.440579736024845,0.353623175465838,0.255072468944099,0.156521739130435,0.104347826086957,0.0579710147515528,0.0144927538819876,0]
                }
    },
"DSC":{
    "Khedri 2017 HDPE":{ "units":["min","W/g"],
                 "X":[2.293907,5.734767,6.8817205,28.673836,66.5233,112.401436,151.39784,194.98209,235.12544,279.85663,317.7061,365.87814,412.90323,458.78137,514.98206,568.8889,615.914,657.2043,696.20074],
                 "Y":[-13.5043610248447,-18.769823757764,-20.8140605590062,-20.0087554347826,-19.4512360248447,-18.9556630434783,-18.27425,-17.4069976708075,-16.2919580745342,-14.6193998447205,-13.256573757764,-11.3981770186335,-9.60172437888199,-7.68137965838509,-5.63714161490683,-3.77874301242236,-2.35397119565217,-1.0530923136646,-0.185839829192547]
                }
    }
}