{
"TG":{
    "Bockhorn1998":{ "units":["min","X"],
                 "X":[3.3857315, 7.617896, 11.85006, 19.467957, 26.662636, 43.168076, 60.51995, 85.066505, 118.92382],
                 "Y":[0.088275865, 0.23448277, 0.37655172, 0.54206896, 0.6786207, 0.8262069, 0.92275864, 0.9765517, 0.99448276]
                }
    }
}