{
"TG":{
    "Das 2019":{ "units":["min","%"],
                 "X":[2.21311475409835,16.2295081967212,33.9344262295082,44.2622950819672,64.9180327868852,79.6721311475409,95.1639344262295,109.918032786885,122.459016393442,135.737704918032,151.229508196721,169.672131147541,184.426229508196,205.081967213114,219.098360655737,231.639344262295,244.918032786885,262.622950819672,282.540983606557,306.147540983606,323.852459016393,345.245901639344,369.590163934426,392.459016393442,409.426229508196,432.295081967213,455.901639344262,477.295081967213],
                 "Y":[99.3539325842696,99.1011235955056,99.1011235955056,98.5955056179775,97.5842696629213,96.8258426966292,95.5617977528089,94.5505617977528,93.2865168539325,92.7808988764044,91.0112359550561,90,88.9887640449438,86.9662921348314,85.9550561797752,84.9438202247191,83.9325842696629,82.1629213483146,80.3932584269663,78.1179775280898,76.3483146067415,74.0730337078651,72.3033707865168,70.2808988764045,68.2584269662921,66.2359550561797,64.2134831460674,61.938202247191]
                }
    }
}
