{
"TG":{
    "Ceamanos 2002 HDPE":{ "units":["°C","%"],
                 "X":[360.99603	,382.30185	,405.66873	,427.43008	,450.10367	,461.31433	,469.54575	,475.93652	,480.9493	,484.59488	,488.6926	,494.62442	,502.62253	,513.6154],
                 "Y":[100	,100	,99.39995	,97.98217	,94.3197	,86.31745	,77.75629	,64.98884	,50.399067	,39.737328	,25.849466	,12.661579	,1.8565347	,0]
                },
    "Conesa 1996 HDPE":{ "units":["°C",""],
                 "X":[403.21252,411.31143,419.2479,429.33786,435.9559,446.21402,457.47052,465.92102,472.21997,478.69662,483.84625,489.33694,494.32892,498.00055,501.67792,506.5237,510.71127,514.5778,518.9536,523.61786,529.5796,535.3674],
                 "Y":[0.99371666,0.9941738,0.9897832,0.9774497,0.9665331,0.9493705,0.9209741,0.88596773,0.85567856,0.8044319,0.76117486,0.70019525,0.6440262,0.5845568,0.5154105,0.42697555,0.33366477,0.22420709,0.092197776,0.031171566,0.012153525,0.0076416056]
                }
    }
}
