{
"TG":{
    "Krishna2019":{ "units":["s",""],
                 "X":[0,8.026129,9.501279,12.060735,15.173681,19.566973,29.572475,39.75588,50.114704,70.09479],
                 "Y":[1,0.92914116,0.78124756,0.6690073,0.4992521,0.26926726,0.15728195,0.0699601,0.02373985,0.0052461526]
                }
    }
}