{
"TG":{
    "Shapi1991":{ "units":["°C",""],
                 "X":[50.785576,119.11772,212.47722,327.50995,384.37006,401.52948,415.38342,415.93896,429.67484,439.89688,513.2567],
                 "Y":[1.0191858,1.0196753,1.0088825,0.9953796,0.9155564,0.71223736,0.49743316,0.26820678,0.10211318,0.010494269,-0.0004417383]
                }
    },
"DSC":{
    
    "Shapi1991":{ "units":["°C","W/g"],
                 "X":[59.703762,89.51236,105.30153,114.01943,152.64595,199.99039,249.14302,284.3378,301.88132,329.81244,361.04453,372.9326,393.5462,403.64914,419.59988,423.5395,418.64575,426.07098,429.95673,435.53525,440.9522,486.6346,546.3595],
                 "Y":[-0.68456096,-0.69611854,-0.69633846,-0.73545832,-0.7137115,-0.73108454,-0.7094843,-0.6319776,-0.632222,-0.7328927,-0.984032,-1.26832904,-1.58617486,-1.8927318,-1.7759588,-1.46402606,-1.19654006,-0.9013696,-0.6284346,-0.40009284,-0.28874418,-0.2392396,-0.18435938]
                }
    }
}
