{
"TG":{
    "Jellinek 1949 HDPE":{ "units":["min","X"],
                 "X":[10.117661,36.864407,76.28348,100.454414,126.174965,149.65753,159.43314],
                 "Y":[0.013954581,0.044687916,0.071351275,0.11199297,0.123310775,0.14938554,0.15686828]
                }
    }
}