{
"TG":{
    "Dhahak 2019":{ "units":["°C","%"],
                 "X":[300,319.144144144144,337.162162162162,354.054054054054,369.819819819819,383.333333333333,392.342342342342,402.477477477477,417.117117117117,425,431.756756756756,435.135135135135,440.765765765765,444.144144144144,448.648648648648,450.9009009009,454.279279279279,457.657657657657,462.162162162162,466.666666666666,470.045045045045,474.549549549549,477.927927927927,480.18018018018,484.684684684684,488.063063063063,493.693693693693,504.954954954954,517.342342342342,531.981981981981,542.117117117117,550],
                 "Y":[99.9999999999999,100.49751243781,99.9999999999999,99.9999999999999,99.9999999999999,99.9999999999999,99.9999999999999,99.0049751243781,97.5124378109452,95.5223880597014,92.5373134328358,88.5572139303482,84.0796019900497,79.1044776119403,73.1343283582089,70.1492537313432,65.6716417910447,60.1990049751243,54.7263681592039,49.7512437810945,43.7810945273631,38.3084577114427,33.8308457711442,29.8507462686567,24.8756218905472,20.8955223880597,16.4179104477611,13.4328358208955,13.9303482587064,14.4278606965174,14.4278606965174,14.4278606965174]
                }
    }
}