{
"TG":{
    "Li2018 EPS":{ "units":["°C",""],
                 "X":[66.02404,146.96075,229.32166,291.47238,343.4951,375.31177,394.1771,402.93317,413.17398,416.8702,422.7361,430.7989,440.96243,467.713,500.22513],
                 "Y":[1.012745,0.9951174,1.0085624,0.9907015,0.99134773,0.9544769,0.8367021,0.7094852,0.5232821,0.39910784,0.27185503,0.101152435,0.029852087,0.005340346,0.008849717]
                },
    "Nisar2019 waste EPS":{ "units":["°C",""],
                 "X":[242.88991,319.26605,362.6147,390.82568,405.96332,417.66055,426.6055,436.9266,447.9358,462.3853,502.29358],
                 "Y":[0.9690403,0.95046437,0.9133127,0.7956656,0.6718266,0.51702785,0.3622291,0.21981424,0.120743036,0.061919503,0.061919503]
                },
    "Ozsin2017":{ "units":["°C",""],
                 "X":[315.11472,379.89203,415.6545,433.1984,442.64508,450.06747,456.14035,464.9123,479.75708,501.34952,543.1849,599.1903,790.14844],
                 "Y":[1.0193237,0.9987923,0.9492754,0.82004833,0.692029,0.557971,0.41908213,0.2789855,0.14855072,0.056763284,0.036231883,0.039855074,0.04468599]
                },
    "Park2019":{ "units":["°C","%"],
                 "X":[190.01491,265.2757,330.8495,362.14606,382.2653,399.40387,414.307,422.50372,425.48434,430.70044,436.6617,441.8778,449.32935,456.7809,490.31296,552.16095],
                 "Y":[99.79231,99.376945,97.61163,93.45795,87.4351,78.0893,65.93977,55.24403,45.79439,36.344757,27.725857,18.380062,7.2689514,1.349948,0.31152648,0.31152648]
                }
    },
"DSC":{
    "Li2018 EPS":{ "units":["°C","W/g"],
                 "X":[59.94303,74.41675,85.24019,93.93361,114.9039,135.83868,147.40973,157.50854,183.53868,215.33658,252.21523,287.65295,318.0434,352.79828,366.47427,372.17313,380.77466,395.24838,407.43335,414.5084,416.57785,425.16895,433.215,436.92584,444.96982,447.95184,458.15088,479.84372],
                 "Y":[0.37871024,0.47940528,0.41458917,0.515497,0.58834535,0.5047519,0.5503387,0.47634667,0.55821127,0.5846484,0.7121263,0.8580623,1.0501968,1.371006,1.1404394,0.7813309,0.47733074,0.5780258,0.14505833,-0.5177843,-0.95037943,-1.3003919,-0.86816907,-0.43578672,-0.012766411,0.3920352,0.759761,0.8325827]
                }
    }
}
