{
"TG":{
    "Li2018 EPS":{ "units":["°C",""],
                 "X":[71.135,146.16629,211.10706,273.16187,332.32443,364.80002,398.7436,409.6389,421.3119,432.29257,440.3602,457.0337,487.3448,527.7485],
                 "Y":[0.994201,1.0013444,0.99283415,0.98428804,0.98502296,0.97300375,0.92373466,0.8151715,0.6227649,0.38687024,0.19131315,0.07350476,0.06145862,0.061960544]
                },
    "Ozsin2017":{ "units":["°C",""],
                 "X":[304.99326,387.9892,430.49933,449.3927,457.48987,468.96088,474.35898,483.80566,494.6019,508.09717,526.3158,573.54926,914.305],
                 "Y":[1.0205314,1.0072464,0.9456522,0.7874396,0.6714976,0.49396136,0.38164252,0.2584541,0.15096618,0.07608695,0.037439615,0.032608695,0.04951691]
                }
    },
"DSC":{
    "Li2018 EPS":{ "units":["°C","W/g"],
                 "X":[62.939327,82.36971,103.98956,125.578186,135.61456,160.81274,191.84117,217.12263,261.18588,305.32407,327.06262,345.90683,366.16907,384.83215,405.03403,417.87515,422.07086,429.85532,438.39038,446.43512,456.6922,466.2153,485.80185,508.96674],
                 "Y":[0.10161894,-0.16591842,-0.30021623,-0.6011837,-0.9460834,-1.2361,-1.2152562,-1.0608202,-0.7849934,-0.109159335,0.3898878,0.84461796,1.1659482,0.65399396,0.6530961,-0.12527314,-0.8365897,-1.6480684,-2.304021,-1.7265851,-0.8936855,-0.12742165,0.43838957,0.8484821]
                }
    }
}
