{
"TG":{
    "Jellinek 1949 HDPE":{ "units":["min","X"],
                 "X":[9.280483,18.549528,25.691,38.16856,52.069584,60.637066],
                 "Y":[0.014331737,0.014163584,0.030361162,0.030134805,0.02625437,0.04242608]
                }
    }
}