{
"TG":{
    "Dhahak 2019":{ "units":["°C","%"],
                 "X":[300,321.396396396396,343.918918918918,363.063063063063,381.081081081081,392.342342342342,403.603603603603,415.99099099099,425,431.756756756756,436.261261261261,440.765765765765,444.144144144144,447.522522522522,452.027027027027,455.405405405405,458.783783783783,461.036036036035,464.414414414414,468.918918918918,473.423423423423,481.306306306306,491.441441441441,504.954954954954,516.216216216216,529.729729729729,544.369369369369],
                 "Y":[99.9999999999999,99.9999999999999,99.9999999999999,99.9999999999999,99.9999999999999,99.502487562189,98.5074626865671,94.5273631840795,90.049751243781,84.0796019900497,78.6069651741293,72.139303482587,65.6716417910447,59.7014925373134,53.2338308457711,47.2636815920397,40.7960199004975,34.8258706467661,28.8557213930348,22.8855721393034,19.9004975124378,17.412935323383,15.4228855721392,14.4278606965174,13.4328358208955,13.4328358208955,12.9353233830845]
                },
    "Das 2019":{ "units":["°C","%"],
                 "X":[298.825256975036,311.160058737151,324.669603524229,348.164464023494,365.785609397944,376.358296622613,387.518355359765,398.091042584434,404.552129221732,413.362701908957,422.760646108663,426.284875183553,430.983847283406,435.095447870778,438.619676945668,443.318649045521,445.668135095447,447.430249632892,449.779735682819,452.716593245227,455.066079295154,457.41556534508,461.527165932452,463.289280469897,468.575624082232,473.861967694566,485.022026431718,497.944199706314,515.565345080763,532.011747430249,549.045521292217,564.31718061674,579.001468428781,595.447870778267,614.24375917768,627.165932452276,641.262848751835,653.59765051395,667.107195301028,683.553597650514,694.713656387665],
                 "Y":[99.5110024449877,99.5110024449877,99.7555012224938,99.7555012224938,99.0220048899755,99.0220048899755,99.2665036674816,98.7775061124694,97.3105134474327,94.6210268948655,90.7090464547677,87.7750611246943,82.3960880195599,77.2616136919315,71.3936430317848,66.2591687041564,60.880195599022,56.2347188264058,51.5892420537897,47.1882640586797,42.5427872860635,38.3863080684596,33.0073349633251,28.6063569682151,24.4498777506112,21.5158924205378,19.5599022004889,18.5819070904645,17.6039119804401,17.1149144254278,17.3594132029339,17.1149144254278,16.8704156479217,16.3814180929095,16.1369193154034,16.6259168704156,16.6259168704156,15.8924205378973,15.8924205378973,15.1589242053789,15.1589242053789]
                },
    "Martin-Gullon 2001":{ "units":["K","%"],
                 "X":[303.468208092485,367.052023121387,398.265895953757,435.260115606936,460.693641618497,497.687861271676,524.277456647398,556.64739884393,593.641618497109,626.011560693641,653.757225433526,672.254335260115,684.971098265896,694.21965317919,701.156069364161,703.468208092485,706.936416184971,713.872832369942,715.028901734104,718.497109826589,721.965317919075,724.277456647398,728.901734104046,730.057803468208,734.682080924855,734.682080924855,741.618497109826,748.554913294797,762.427745664739,785.549132947976,809.826589595375,831.79190751445,856.069364161849,883.815028901734,913.872832369942,941.618497109826,978.612716763005,1004.04624277456,1013.29479768786],
                 "Y":[100,100,100,100,100,100,99.7455470737913,98.9821882951653,98.9821882951653,99.4910941475826,98.7277353689567,98.473282442748,96.9465648854961,92.6208651399491,88.0407124681933,83.4605597964376,78.1170483460559,72.5190839694656,66.9211195928753,60.8142493638676,55.9796437659033,48.6005089058524,44.7837150127226,39.9491094147582,34.8600508905852,29.0076335877862,24.6819338422391,20.1017811704834,17.0483460559796,15.7760814249363,15.0127226463104,14.2493638676844,13.4860050890585,12.4681933842239,11.9592875318066,11.7048346055979,10.9414758269719,10.9414758269719,10.4325699745547]
                },
    "Moltò 2007":{ "units":["K",""],
                 "X":[555.5552,617.4833,652.3737,678.7436,693.0594,703.83685,711.7622,718.26245,726.2064,735.5502,752.686,774.77185,819.61487,859.47565],
                 "Y":[1,0.99246831874842,0.97483094005331,0.93331277903752,0.838109840775025,0.719059179790326,0.605945649605565,0.494808140330223,0.359855739933922,0.252707778021896,0.189289425902973,0.163625829599015,0.159951851130244,0.156244916698103]
                }
    }
}
