{
"TG":{
    "Ceamanos 2002 HDPE":{ "units":["min","%"],
                 "X":[0,24.7631233333333,43.2734333333333,61.8064233333333,81.6607733333333,94.9508793333333,133.066013333333,177.668833333333,265.232683333333,394.390863333333,554.813533333333,704.824173333333,886.119133333333],
                 "Y":[99.233536,84.419395,73.083206,60.716095,47.57608,36.367634,23.231539,11.643224,3.8012342,2.5403192,3.0902362,2.606993,3.0325272]
                },
    "Sezgi 1998 HDPE":   { "units":["s","%"],
                 "X":[0, 3623.6616, 7181.1504,10754.7705],
                 "Y":[100, 62.97118, 45.81149, 16.963684]
                }
    },
"Gas_Yield":{
    "Sezgi 1998 HDPE":{ "units":["s","w%"],
                 "X":[3600, 7200, 10800],
                 "Y":{
                    "C0-C4":[6.6493824, 8.804518, 11.830463],
                    "C5-C100":[30.301447, 45.751247, 71.23674]
                    },
                "names":["Gases","Condensables"]                  
                }
    }
}
