{
"TG":{
    "Ballice 2002 APP":{ "units":["°C",""],
                 "X":[223.13708,302.30215,376.822,409.05222,425.01935,432.89792,441.32587,447.5295,458.9908,478.62466],
                 "Y":[0.99474007,0.97293615,0.93334615,0.81472754,0.6298057,0.44820046,0.24227774,0.11093355,0.02654455,0.010154465]
                }
    }
}