{
"TG":{
    "Amorim 1982":{ "units":["°C","X"],
                 "X":[373.81818,381.21213,391.15152,404,412.60605,420.36365,429.9394,434.30304,439.75757,448.36365,456.72726],
                 "Y":[0.009661836,0.019323671,0.038647342,0.09017713,0.16103059,0.31078905,0.57809985,0.73429954,0.8711755,0.98067635,0.9951691]
                }
    }
}