{
"TG":{
    "Dawood 2001":{ "units":["°C",""],
                 "X":[367.97345,398.68646,417.51807,432.80615,441.30792,448.41748,455.6855,464.03293,474.9978,483.02454],
                 "Y":[0.9868748,0.94909745,0.8959016,0.7720497,0.6023097,0.47262853,0.2933308,0.12358882,0.026399596,0.0016924328]
                }
    }
}