{
"TG":{
    "Mazloum 2021 HDPE":{ "units":["°C",""],
                 "X":[374.41837,395.90753,414.32684,428.5269,440.81006,449.6429,455.41122,458.10794,461.5768,463.50726,465.438,467.7539,468.91776,472.00174,473.54932,476.6324,479.71194,485.8587],
                 "Y":[1,0.998233260538917,0.996455217399891,0.98358534502286,0.959632089414379,0.915359647152518,0.837847088798074,0.771399434066758,0.675417936028422,0.601583391264683,0.525902663775211,0.440993181786574,0.361617593145958,0.273018851042101,0.193644672186037,0.110584071835,0.049675981341819,0.00539361915000533]
                }
    },
"DSC":{
    
    "Mazloum 2021 HDPE":{ "units":["°C","W/g"],
                 "X":[25,40.02732,70.08197,101.50273,118.57923,126.092896,129.5082,134.97267,137.70493,139.7541,141.12022,147.26776,176.63934,219.67213,261.3388,311.20218,364.48087,411.61203,436.88525,451.22952,462.84152,470.3552,476.50275,479.235,487.4317,501.77597],
                 "Y":[-0.0201067473622264,-0.12566716625113,-0.135720543107433,-0.165880667325963,-0.231227591490413,-0.402134928193386,-0.573042271246739,-0.74394959524895,-0.628335831255647,-0.422241681905993,-0.236254273568184,-0.160853978897811,-0.160853978897811,-0.175934025131124,-0.19101409041558,-0.165880667325963,-0.19101409041558,-0.22117421463411,-0.261387709358563,-0.392081557687463,-0.52780212619642,-0.658495949123797,-0.422241681905993,-0.256361001879268,-0.0703736189429829,-0.0150800602041508]
                }
      }
}