{
"TG":{
    "Duque 2020 LDPE":{ "units":["°C","%"],
                 "X":[344.4159,381.7148,409.25632,429.28067,445.24918,455.9993,465.5517,472.27237,476.13492,481.1776,487.37408,495.30124,512.49677],
                 "Y":[99.55998,98.77421,98.00889,92.77801,84.48946,71.9664,55.43625,41.978195,29.469572,19.552923,10.105573,1.3621705,0]
                },
    "Janajreh 2020 LDPE":{ "units":["°C",""],
                 "X":[323.41095,374.12238,411.8761,432.5392,449.69656,460.99667,468.77158,474.163,480.7545,482.59705,489.78094,495.13065,508.13007],
                 "Y":[0.99294156,0.9878834,0.96464825,0.9304395,0.8546138,0.7281125,0.5853108,0.4750418,0.33765653,0.24182844,0.1008308,0.04481132,0.008738783]
                }
    },
"DSC":{
    
    "Janajreh 2020 LDPE":{ "units":["°C","W/g"],
                 "X":[20.455372,24.484152,29.790848,31.671331,36.3609,42.38515,45.096718,51.110775,59.09411,73.02164,90.91681,104.18209,118.758766,137.22449,173.5621,223.78795,251.54257,272.00522,297.77747,335.4352,363.84625,392.25003,417.3484,441.15283,457.71188,468.29617,478.83823,486.72406,497.2632,511.1107,534.8685,563.9433,589.0533],
                 "Y":[1.7015673,0.9869749,0.7598225,1.897123,1.1825664,0.32187074,-0.4415301,-1.1885064,-1.7891648,-2.35701,-2.9571316,-3.508767,-3.9466114,-3.539469,-3.4725184,-3.5347815,-3.549524,-3.3047307,-3.3195806,-3.2363129,-3.202283,-3.087025,-2.9557004,-3.1331139,-3.5708508,-3.7002432,-3.3585129,-2.870715,-2.4964933,-2.1708295,-1.8283833,-1.8268088,-1.8254491]
                }
      }
}
