{
"TG":{
    "Budrugeac 2009 HDPE":{ "units":["°C","X"],
                 "X":[394.3673,414.77292,433.67163,446.94397,455.71457,462.9797,468.0008,472.45483,477.84204,482.49036,487.1555,495.94995],
                 "Y":[0.001256715,0.023189439,0.07522466,0.15610793,0.2622383,0.3936519,0.514195,0.6528037,0.8022671,0.91678154,0.9734646,0.9976671]
                }
    }
}