{
"Gas_Yield":{
        "This work":{ "units":["s","w%"],
                     "X":[300],
                     "Y":{
                          "CO":[7.66199],
                          "CO2":[19.6788],
                          "C2H4":[1.85379495140486],
                          "CH3CHO":[10.1209544404268],
                          "C6H6":[1.65919876848679],
                          "VB":[2.04804959214692],
                          "BA":[9.71385540879405],
                          "TA":[0],
                          "EGDB":[2.14086295315695]
                        },
                       "names":["CO","CO2","C2H4","CH3CHO","MAH","VB","BA","TA","EGDB"],
                       "stddev":{
                              "Y":{
                                  "CO":[0.40],
                                  "CO2":[0.7],
                                  "C2H4":[0.192317807905845],
                                  "CH3CHO":[0.728241333542316],
                                  "C6H6":[0.386641253957564],
                                  "VB":[0.149334348585465],
                                  "BA":[0.480351334233534],
                                  "TA":[0],
                                  "EGDB":[0.23422531602582]
                                  }
                        }                   
                 },
        "Du 2016 waste carpet fiber":{ "units":["s","w%"],
                     "X":[20],
                     "Y":{
                          "CO":[3.97],
                          "CO2":[5.95],
                          "CH4":[1.43],
                          "C6H6":[1.15579644],
                          "BA+CH2CO":[16.6167638]

                        },
                       "names":["CO","CO2","CH4","MAH","BA+\nAcetyl-BA"],
                       "stddev":{
                                "Y":{
                                    "CO":[0.12],
                                    "CO2":[0.62],
                                    "CH4":[0.07],
                                    "C6H6":[0.41704938],
                                    "BA+CH2CO":[1.2658394]


                                    }
                                }
                }
        },
"Char_EA":{
    "Li 2021":{ "units":["min","%"],
                 "X":[10],
                 "Y":{
                    "C":[88.8308977],
                    "H":[4.801670146],
                    "O":[6.36743215]
                    }
              }
    }        
}               
