{
"Char_EA":{
    "Williams 1999":{ "units":["s",""],
                 "X":[1800],
                 "Y":{
                    "C":[0.902166985],
                    "H":[0.026343743],
                    "O":[0.071489271]
                    }
              }
    }
}
