{
"TG":{
    "Kruse 2003":{ "units":["min","X"],
                 "X":[5,10,20,30,60,120,180],
                 "Y":[0.012016841,0.016345846,0.02557552,0.043017257,0.056991044,0.13863014,0.21534246]
                }
    },
"Gas_Yield":{
    "Kruse 2003":{ "units":["min","w"],
                 "X":[5,10,20,30,60,120,180],
                 "Y":{
                    "C9":[0.0032449742,0.008679357,0.011324201,0.016730119,0.023561643,0.05425369,0.07616676],
"C15":[0.0021443397,0.00373599,0.0047488585,0.009023305,0.012052422,0.023554528,0.030692048],
"C5":[0.0011486938,0.002066372,0.0032104775,0.004308699,0.006359311,0.011797751,0.017558577],
"C8":[0.0005954934,0.0010986205,0.001643841,0.002788146,0.0036405893,0.006129891,0.010231115],
"C12":[0.00088073395,0.0007706422,0.0017064221,0.0034128441,0.0047889906,0.012165138,0.017834863],
"C6":[0.00088073395,0.0015963303,0.002587156,0.0036880735,0.0058348626,0.012550458,0.02119266],
"C3":[0,0.00022018349,0.00066055043,0.0009908257,0.0022568807,0.004623853,0.0074862386],
"C11":[0.000054669705,0.00010933941,0.00040091117,0.0008747153,0.00123918,0.0034624145,0.0052847383],
"C2":[0.000054669705,0.0001640091,0.00018223234,0.00023690205,0.0003280182,0.000856492,0.001403189]


                    }
                }
    }

}

