{
"TG":{
    "Janajreh 2020 LDPE":{ "units":["°C",""],
                 "X":[340.50992,404.7965,425.45822,443.24136,451.57806,456.37708,464.78888,469.6129,472.05344,478.60876,488.0858],
                 "Y":[0.9930653,0.970022,0.93762153,0.8147839,0.7081528,0.6014961,0.39721587,0.2580095,0.15133576,0.060966767,0.00497714]
                }
    },
"DSC":{
    
    "Janajreh 2020 LDPE":{ "units":["°C","W/g"],
                 "X":[22.443563,28.469267,32.3263,38.362194,43.04594,54.991096,75.53816,95.406975,109.333046,121.2098,145.00842,176.75398,219.7257,265.33182,323.49734,361.8275,404.7934,433.2263,453.0776,470.28143,479.49612,486.71967,496.60242,540.2218,565.9999,595.74854],
                 "Y":[1.6366922,0.75975096,1.9621413,0.9714807,0.32190654,-0.24604595,-0.9434982,-1.4460388,-1.9976383,-1.8020468,-1.914478,-2.221427,-2.4465396,-2.5740356,-2.7495885,-2.7962499,-2.9563801,-3.1660345,-3.4736278,-3.7326272,-3.325986,-2.821978,-2.496529,-2.5753953,-2.655228,-2.7998283]
                }
      }
}
