{
"TG":{
    "Abbas-Abadi2021":{ "units":["°C",""],
                 "X":[69.3809,155.42967,281.92255,360.01053,393.12854,405.22937,415.1322,422.31055,427.7606,434.88214,441.89273,452.2869,470.55258],
                 "Y":[0.99565303,0.99062544,0.9922397,0.9779219,0.9385271,0.8621096,0.7397208,0.5468511,0.36467937,0.20396915,0.106046505,0.028075753,0.009931589]
                },
    "Li2018 EPS":{ "units":["°C",""],
                 "X":[59.59596,115.15151,206.7821,273.88168,335.20923,375.61328,397.9798,410.9668,419.62482,428.28284,437.66232,453.53534,484.55988],
                 "Y":[1.0068493,1.0068493,0.9931507,0.989726,0.9794521,0.9349315,0.86986303,0.7089041,0.49315068,0.27739727,0.09931507,-0.017123288,-0.02739726]
                },
    "Park2019":{ "units":["°C","%"],
                 "X":[181.81818,318.92697,388.22653,415.05215,430.70044,438.89716,449.32935,453.8003,458.27124,464.97763,466.46796,473.17438,510.4322,578.9866],
                 "Y":[99.89616,98.75389,97.09242,92.73105,83.59294,72.689514,55.34787,43.61371,31.671858,19.314642,11.007269,3.4267912,1.0384216,0.93457943]
                },
    "Snegirev2012":{ "units":["°C",""],
                 "X":[350.3478,375.12997,389.49265,399.54538,410.51492,415.41275,422.05347,424.34454,427.96072,431.12512,433.85663,437.88303,440.6051,447.673,451.2136,462.5442,479.0656,499.93478],
                 "Y":[0.99748117,0.99783224,0.9867039,0.947185,0.8722672,0.7859316,0.6967877,0.6089988,0.5056473,0.41503775,0.3230056,0.23807412,0.1531242,0.06965229,0.022958776,0.003288623,0.0035226448,0.0038182512]
                }
    },
"DSC":{
    "Li2018 EPS":{ "units":["°C","W/g"],
                 "X":[58.87446,79.79798,100.721504,113.70851,128.86003,135.35353,156.99855,167.09956,179.36508,196.68109,225.54112,239.24963,266.66666,288.31168,318.61472,346.75323,363.34778,374.89178,384.9928,399.4228,414.5743,418.90332,424.67532,432.61185,441.26984,446.32034,452.09235,462.19336,470.12988,493.2179,523.52094],
                 "Y":[0.072916664,-0.19791667,-0.38541666,-0.30208334,-0.4375,-0.7916667,-0.9375,-1.0104166,-0.8854167,-0.78125,-0.5729167,-0.40625,-0.27083334,-0.072916664,0.28125,0.6041667,0.6666667,0.21875,-0.010416667,0.125,-0.48958334,-1.3333334,-1.9895834,-2.4166667,-1.9895834,-1.34375,-0.6354167,-0.104166664,0.32291666,0.6041667,0.7604167]
                }
    }
}
