{
"Gas_Yield":{    
    "Yang1998":{ "units":["s","w%"],
                 "X":[3],
                 "Y":{
                    "C8H8":[28.816467],	"C16H16":[1.4736581],	"C24H24":[3.954984]
                    },
                "names":["C8H8","C16H16","C24H24"]
                }                        
     }
}            