{
"TG":{
    "Amorim 1982":{ "units":["°C","X"],
                 "X":[365.9394,372.36365,382.78787,392.36365,403.51514,412.84848,416.60605,422.18182,427.0303,432.12122,436.9697,445.81818],
                 "Y":[0.009661836,0.012882448,0.033816423,0.09017713,0.20933977,0.4090177,0.52818036,0.71819645,0.8599034,0.942029,0.9742351,0.9967794]
                }
    }
}