{
"TG":{
    "Aboulkas 2010":{ "units":["K",""],
                 "X":[313.4684,394.46393,511.59775,630.5988,692.8943,719.0269,728.94916,737.6046,743.1526,748.08264,753.6526,761.707,777.8856,810.9074],
                 "Y":[0.99161977,0.9880555,0.9877296,0.9823901,0.95717496,0.8652821,0.7450536,0.571406,0.41780058,0.27755252,0.18070853,0.06382415,0.010356515,0.010264634]
                },
    "Azizi 2017":{ "units":["°C",""],
                 "X":[348.67078,413.9342,442.3967,458.9222,468.20514,475.93365,490.41672],
                 "Y":[0.9784001,0.8847819,0.7330144,0.49498743,0.3059839,0.11698766,0.009609364]
                },
    "Kiran 1976":{ "units":["°C",""],
                 "X":[176.8232,345.40753,397.38828,427.84775,442.3722,454.2011,460.36102,469.4353,475.44144,486.90958,510.50977],
                 "Y":[1,1,0.9475957,0.8445373,0.7163715,0.54602593,0.38135508,0.18798605,0.07312122,0.019628305,0.0026884791]
                },
    "Martinez 2017":{ "units":["°C",""],
                 "X":[273.44315,316.37738,347.0061,372.98502,392.67258,414.54593,432.03745,443.78235,450.8774,457.96603,465.0499,470.76614,476.4849,483.02582,490.39737,501.05832],
                 "Y":[1.0025566,0.99704707,0.9955815,0.99014723,0.97676206,0.9527289,0.8954705,0.8182907,0.73714215,0.62141913,0.4804302,0.3381175,0.20910268,0.08939274,0.02420043,0]
                },
    "Ranzi 1997":{ "units":["°C",""],
                 "X":[382.83154,401.7742,414.8208,426.6129,436.5233,442.16846,450.0717,457.34766,464.87454,475.53763,490.5914],
                 "Y":[0.9866469,0.9643917,0.93026704,0.86498517,0.7804154,0.6810089,0.5578635,0.40207714,0.18991098,0.034124628,0]
                },
    "Wu 2015":{ "units":["°C",""],
                 "X":[211.41603,288.64816,370.67038,414.03906,442.83362,459.5094,468.8981,473.4468,484.084,499.61536,555.1236],
                 "Y":[0.9983594,0.9919691,0.9596401,0.90460754,0.7863857,0.63373135,0.44948235,0.2566401,0.101157675,0,0]
                },
    "Zhang 2022":{ "units":["°C",""],
                 "X":[171.16104,248.8764,306.92883,349.06366,385.58054,408.98877,428.65167,440.82397,449.25095,456.74158,462.35956,465.16855,471.72284,474.53183,480.1498,486.70413,505.43073,530.7116],
                 "Y":[0.99368423,0.9894737,0.98105264,0.9726316,0.96,0.92421055,0.86526316,0.7831579,0.6905263,0.5768421,0.46526316,0.36421052,0.25473684,0.17052631,0.075789474,0.014736842,0.010526316,0.012631579]
                }                                
    },
"DSC":{
    "Zhang 2022":{ "units":["°C","W/g"],
                 "X":[61.607143,95.53571,125.89286,144.64285,158.03572,165.17857,176.78572,192.85715,220.53572,256.25,300,341.9643,375.89285,400.89285,419.64285,441.9643,456.25,467.85715,475,486.60715,492.85715,499.10715,509.82144,523.2143],
                 "Y":[-3.3411765,-3.3411765,-3.380392,-3.4980392,-3.7333333,-3.9137254,-3.717647,-3.5137255,-3.427451,-3.427451,-3.4745097,-3.552941,-3.7019608,-3.937255,-4.1882353,-4.6588235,-5.0666666,-5.435294,-5.5686274,-5.152941,-4.67451,-4.2431374,-4.047059,-4]
                }
                
      }  
}
