{
"TG":{
    "Budrugeac 2009 HDPE":{ "units":["min","X"],
                 "X":[13.804764,40.783142,65.36416,92.35907,119.97651,153.59273,202.80869,252.62344,307.8231,352.81363,418.78955],
                 "Y":[0,0,0.0018856883,0.051660057,0.17084596,0.30085182,0.4676663,0.632309,0.7643904,0.8444554,0.930937]
                }
    }
}