{
"TG":{
    "Ueno 2010 HDPE":{ "units":["°C",""],
                 "X":[357.09735,378.4746,404.76083,425.4396,441.21225,453.48105,465.40186,474.5197,481.18472,489.25406,494.87134,499.08475,502.6013,507.5242,512.0975,516.32355,519.4953,525.8324,532.52075,537.79614,543.4204,551.1483,560.97363],
                 "Y":[1,1,0.99562824,0.9910768,0.98494726,0.975694,0.9571221,0.9354301,0.9121726,0.87960553,0.8423674,0.81288606,0.76787305,0.7057865,0.6405926,0.56297445,0.4962205,0.3875573,0.27579033,0.20594163,0.14230594,0.075575545,0.029042399]
                }
    }
}