{
"TG":{
    "Kim1999":{ "units":["min",""],
                 "X":[0,3.840248,4.993246,10.537702,15.740858,21.019064,26.026858,30.986848,36.21956,40.973573,46.004458,51.176898,55.897653,61.827753],
                 "Y":[0.9921145,0.96518767,0.90641916,0.6577597,0.4337186,0.2603773,0.1650936,0.10131439,0.058119055,0.029934885,0.019595068,0.016122786,0.0098547805,0.007845937]
                }
    },
"Gas_Yield":{
    "Kim1999":{ "units":["min","w%"],
                 "X":[1e8],
                 "Y":{
                    "C7H8":[1.87],
                    "C8H10":[0.43],
                    "C8H8":[70.91],
                    "C9H10":[2.26],
                    "C15H16":[2.39],
                    "C16H16":[15.95],
                    "C24H24":[4.59]
                    },
                "names":["C7H8","C8H10","C8H8","C9H10","C15","C16","C24"]
                }    
     }
}            