{
"TG":{
    "Anderson 1961 HDPE":{ "units":["°C",""],
                 "X":[331.95328,354.3382,372.84378,393.98743,407.0124,419.83707,431.92276,439.96606,445.18674,451.45917,458.0601,463.64737,470.48004,480.16107],
                 "Y":[0.9956009,0.9947218,0.9910495,0.9769644,0.94405246,0.8684388,0.7324715,0.61728144,0.49778402,0.36793604,0.19536553,0.100890376,0.026984746,0.0030406078]
                }
    }
}