{
"Gas_Yield":{
    "Yang1998":{ "units":["s","w%"],
                 "X":[3],
                 "Y":{
                    "C8H8":[69.46827],	"C16H16":[2.8429422],	"C24H24":[2.250804]
                    },
                "names":["C8H8","C16H16","C24H24"]
                }      

     }
}            