{
"TG":{
    "Kim 2004":{ "units":["°C",""],
                 "X":[389.06573,403.91003,413.99655,421.41867,425.79584,430.173,434.35986,438.3564,444.25604,451.29758,459.8616,471.6609,484.03113,498.1142],
                 "Y":[0.99068326,0.99068326,0.96428573,0.863354,0.74378884,0.6195652,0.51863354,0.40527952,0.29037267,0.17391305,0.0947205,0.041925468,0.017080745,0.0062111802]
                },
    "Aboulkas 2010":{ "units":["K",""],
                 "X":[357.70123,414.39642,458.63376,538.38446,588.22284,620.61053,647.9983,663.5416,670.9872,679.0442,686.4678,690.78705,696.971,700.04095,706.87256,713.09534,731.16187,751.7226],
                 "Y":[0.98148,0.9746444,0.97619075,0.97596884,0.96080506,0.9323342,0.8638103,0.7786247,0.6984701,0.5882636,0.45134744,0.34282073,0.22260265,0.10573214,0.048951607,0.028900811,0.023842173,0.023784965]
                },
    "Martinez 2017":{ "units":["°C",""],
                 "X":[255.93938,275.62967,298.32742,316.64835,335.78772,350.824,363.67273,379.79767,391.27356,403.01593,410.9297,418.0233,424.02148,431.1081,438.74167,443.37476,449.92313,462.77188,476.71875],
                 "Y":[0.9946554,0.9958979,0.9931377,0.98374796,0.9637163,0.9383837,0.91439056,0.86112756,0.80788517,0.71740746,0.6269468,0.53781956,0.4407184,0.3143571,0.18799336,0.102866374,0.02305005,0,0]
                },
    "Wu 1993":{ "units":["K",""],
                 "X":[552.3849,590.5172,618.7163,644.6844,660.0879,674.8711,687.10455,694.2172,702.93286,714.8716,726.78296,741.543],
                 "Y":[0.9943204,0.9910089,0.98753434,0.9564636,0.90356547,0.80341196,0.67171985,0.52616394,0.37866572,0.1879123,0.060152017,0.013148973]
                }  
    },
"Gas_Yield":{
        "Kim 2004":{ "units":["min","w%"],
                     "X":[1e8],
                     "Y":{
                          "C6":[0.034391503],
                          "C7":[0.067214007],
                          "C8":[0.16213848],
                          "C9":[0.030580432],
                          "C10":[0.11089303],
                          "C11":[0.043260417],
                          "C12":[0.030423834],
                          "C13":[0.09795104],
                          "C14":[0.08511295],
                          "C15":[0.065425544],
                          "C16":[0.05304709],
                          "C17":[0.03929538],
                          "C18":[0.062529974],
                          "C19":[0.015902683],
                          "C20":[0.030920358],
                          "C21":[0.01305793],
                          "C22":[0.028075604],
                          "C23":[0.0088433146],
                          "C24":[0.017011673],
                          "C26":[0.015539043],
                          "C28":[0.007212579],
                          "C29":[0.009901486],
                          "C30":[0.008479674],
                          "C32":[0.005634922],
                          "C33":[0.005581844]

                        }    
                    }
             }   
}
