{
"TG":{
    "Kiang 1980 APP":{ "units":["min",""],
                 "X":[9.742539,16.840809,24.466526,39.820602,59.468834],
                 "Y":[0.7927706,0.6400461,0.5394998,0.35394675,0.2529579]
                }                                
    }
}