{
"TG":{
    "Sezgi 1998 HDPE":   { "units":["s","%"],
                 "X":[0, 3591.4531, 7192.399, 10778.365],
                 "Y":[100, 71.4, 54.4, 36.935515]
                }
    },
"Gas_Yield":{
    "Sezgi 1998 HDPE":{ "units":["s","w%"],
                 "X":[3600, 7200, 10800],
                 "Y":{
                    "C0-C4":[5.5434532, 8.0045834, 10.630475],
                    "C5-C100":[23.613436, 37.726288, 52.239655]
                    },
                "names":["Gases","Condensables"]                  
                }
    }
}
