{
"TG":{
    "Abbas-Abadi 2021":{ "units":["°C",""],
                 "X":[299.252,365.5351,414.55698,442.86536,458.05524,466.3406,473.24512,482.9114,492.57767,531.9332,578.1933],
                 "Y":[0.9948096885,0.989619377,0.944636676,0.83391003,0.6297578,0.43771625,0.2474049,0.1020761,0.00692040000000005,0,0]
                },
    "Kiang 1980":{ "units":["°C",""],
                 "X":[262.69843,300.15872,334.44446,367.46033,385.2381,401.74603,415.07938,427.77777,434.7619,449.36508,465.87302],
                 "Y":[0.997549,0.98284316,0.9313725,0.8357843,0.7205882,0.5392157,0.37990198,0.22303921,0.1004902,0.022058824,0.0024509805]
                }
    }
}