{
"TG":{
    "Al-Salem 2010 HDPE":{ "units":["s","%"],
                 "X":[0.487407	,0.9509799	,0.76586854	,13.896065	,20.229177	,29.483952	,41.19443	,63.159924	,65.595764],
                 "Y":[99.873314	,92.02509	,33.037632	,16.705702	,12.400557	,5.6897254	,3.661933	,2.5180552	,0.87196726]
                }
    },
"Gas_Yield":{
    "Al-Salem 2010 HDPE":{ "units":["s","w%"],
                 "X":[100000],
                 "Y":{
                    "C0-C4":[43.7],
                    "C5-C11":[11],
                    "C12-C100":[44.1]
                    },
                "names":["Gases","Oil","Diesel-Waxes"]                        
                },
    "Conesa 1994 HDPE":{ "units":["s","w%"],
                 "X":[20],
                 "Y":{
                    "C0-C5":[14.62],
                    "C6-C100":[85.38]
                    },
                "names":["Gases","Condensables"]                          
                },
    "Elordi 2011 HDPE":{ "units":["s","w%"],
                 "X":[100000],
                 "Y":{
                     "CH4":[0.16],
                     "C2":[1.33],
                     "C3":[2.33],
                     "C4":[1.72],                      
                     "C5-C11":[16.99811],
                     "C12-C20":[24.302675],
                     "C21-C100":[53.52015]
                    },
                "names":["CH4","C2","C3","C4","Oil","Diesel","Waxes"]                      
                }
    }
}
