{
"TG":{
    "Ballice 2002 APP":{ "units":["°C",""],
                 "X":[252.04042,327.74304,378.5561,419.40518,437.73978,439.28104,447.75864,454.54224,467.14047,482.6766],
                 "Y":[0.9960932,0.9791838,0.9333301,0.7708694,0.63292956,0.46921206,0.3054303,0.17570156,0.07509379,0.014979409]
                },
    "Ciliz 2004 APP":{ "units":["°C",""],
                 "X":[401.47058,425.98038,435.17157,444.36273,446.81372,456.61765,462.13235,468.87256,502.57352,552.2059],
                 "Y":[0.9750205,0.89854145,0.7890714,0.6466104,0.52214444,0.34819207,0.18623638,0.046774555,0.009284816,0.0047860467]
                },
    "Ciliz 2004 APP waste":{ "units":["°C",""],
                 "X":[232.25552,294.17667,370.25842,398.6241,409.98126,423.77472,430.43716,438.26212,469.05026,516.80804],
                 "Y":[0.9870748,0.97611654,0.9553435,0.8904807,0.73364115,0.49765673,0.31817392,0.1556602,0.025787931,0.02747151]
                }
    }
}