{
"TG":{
    "LCCP 2019":{ "units":["°C","%"],
                 "X":[300,320,340,360,380,400,420,440,460,480,500,520,540,560,580,600,620,640,660,680,700,720,740,760,780,800,820],
                 "Y":[99.58539,99.55763,99.50975,99.37244,99.00969,95.75667,87.04176,52.26621,23.6342,18.10934,17.36993,17.06646,16.78376,16.47257,16.14517,15.80292,15.48324,15.16659,14.88549,14.64614,14.38305,14.17157,13.96203,13.74955,13.54283,13.33921,13.20666]
                },
    "Sustaita-Rodriguez 2019":{ "units":["°C","%"],
                 "X":[151.891891891891,171.441441441441,189.099099099099,207.387387387387,226.306306306306,242.702702702702,258.468468468468,272.972972972972,290,304.504504504504,320.27027027027,333.513513513513,346.126126126126,355.585585585585,366.306306306306,377.657657657657,387.747747747747,396.576576576576,402.882882882882,410.45045045045,416.126126126126,421.171171171171,425.585585585585,429.369369369369,432.522522522522,436.936936936936,438.198198198198,440.72072072072,443.243243243243,446.396396396396,449.549549549549,452.702702702702,455.225225225225,461.531531531531,465.945945945945,471.621621621621,480.45045045045,489.909909909909,498.108108108108],
                 "Y":[99.740932642487,99.740932642487,99.740932642487,99.481865284974,99.481865284974,98.9637305699481,99.740932642487,99.481865284974,99.481865284974,99.2227979274611,99.2227979274611,99.740932642487,99.740932642487,99.481865284974,99.481865284974,99.2227979274611,98.4455958549222,96.6321243523315,95.0777202072538,91.9689119170984,88.341968911917,85.2331606217616,80.3108808290155,76.4248704663212,72.020725388601,67.0984455958549,62.6943005181347,56.9948186528497,52.0725388601036,45.3367875647668,40.6735751295336,33.160621761658,29.2746113989637,22.7979274611398,20.2072538860103,18.6528497409326,17.3575129533678,16.580310880829,16.321243523316]
                },
    "Dhahak 2019":{ "units":["°C","%"],
                 "X":[300,321.396396396396,338.288288288288,356.306306306306,375.45045045045,387.837837837837,404.729729729729,417.117117117117,422.747747747747,427.252252252252,430.63063063063,435.135135135135,438.513513513513,443.018018018018,448.648648648648,454.279279279279,466.666666666666,475.675675675675,488.063063063063,501.576576576576,510.585585585585,522.972972972972,534.234234234234,543.243243243243,547.747747747747],
                 "Y":[99.9999999999999,99.9999999999999,99.9999999999999,99.9999999999999,99.9999999999999,98.5074626865671,93.0348258706467,84.5771144278606,77.1144278606965,70.1492537313432,62.1890547263681,53.2338308457711,45.273631840796,36.3184079601989,29.3532338308457,23.8805970149253,19.4029850746268,17.910447761194,16.9154228855721,15.9203980099502,15.9203980099502,15.9203980099502,15.9203980099502,15.4228855721392,15.4228855721392]
                },    
    "Czegeny 2012":{ "units":["°C","%"],
                 "X":[55.4597701149425,78.4482758620689,108.620689655172,133.045977011494,160.344827586206,179.022988505747,203.448275862069,225,252.298850574712,275.287356321839,296.83908045977,324.137931034482,345.689655172413,364.367816091954,377.298850574712,385.919540229885,390.229885057471,397.413793103448,403.160919540229,407.471264367816,410.344827586206,416.091954022988,421.83908045977,423.275862068965,427.586206896551,430.459770114942,433.333333333333,436.206896551724,441.954022988505,447.701149425287,466.379310344827,489.367816091954,515.229885057471,545.402298850574,578.448275862069,615.804597701149,654.597701149425,694.827586206896],
                 "Y":[100,100,100,100,100,100,100,100,100,100,100,100,100,99.5249406175772,98.3372921615202,96.1995249406176,93.3491686460807,89.3111638954869,85.0356294536817,79.5724465558194,73.6342042755344,67.458432304038,59.3824228028503,51.5439429928741,43.7054631828978,36.5795724465558,31.8289786223278,25.8907363420427,20.4275534441805,15.6769596199524,13.064133016627,12.1140142517814,11.1638954869358,10.9263657957244,10.4513064133016,10.2137767220902,9.73871733966746,9.97624703087886]
                },
    "Das 2019":{ "units":["°C","%"],
                 "X":[311.747430249632,325.25697503671,348.751835535976,365.785609397944,378.120411160058,386.930983847283,393.979441997063,402.202643171806,408.076358296622,413.950073421439,417.474302496328,421.5859030837,426.284875183553,428.046989720998,432.745961820851,433.920704845814,435.682819383259,438.032305433186,440.381791483113,443.318649045521,445.668135095447,449.192364170337,451.541850220264,456.240822320117,462.114537444933,469.162995594713,478.56093979442,489.133627019089,500.881057268722,512.041116005873,524.963289280469,535.535976505139,547.283406754772,559.030837004405,569.603524229074,584.875183553597,597.797356828193,610.132158590308,627.165932452276,640.088105726872,652.422907488986,665.932452276064,674.155653450807,688.839941262848,697.650513950073],
                 "Y":[99.7555012224938,99.5110024449877,99.7555012224938,99.2665036674816,99.0220048899755,98.2885085574572,96.3325183374083,93.643031784841,89.4865525672371,85.0855745721271,80.9290953545232,77.0171149144254,72.1271393643031,67.9706601466992,62.5916870415647,58.6797066014669,53.3007334963325,48.1662591687041,43.2762836185819,38.8753056234718,34.4743276283618,29.8288508557457,25.9168704156479,22.4938875305623,20.0488997555012,18.0929095354523,16.8704156479217,16.1369193154034,15.8924205378973,15.8924205378973,15.8924205378973,15.8924205378973,15.1589242053789,15.1589242053789,15.1589242053789,15.1589242053789,15.1589242053789,14.4254278728606,13.9364303178484,13.6919315403422,13.6919315403422,13.6919315403422,13.6919315403422,13.6919315403422,13.6919315403422]
                },
    "Martin-Gullon 2001":{ "units":["K","%"],
                 "X":[302.312138728323,340.462427745664,368.208092485549,402.890173410404,429.479768786127,460.693641618497,486.127167630057,512.71676300578,538.150289017341,567.052023121387,594.797687861271,620.231213872832,643.352601156069,660.693641618497,673.410404624277,679.190751445086,684.971098265896,694.21965317919,696.531791907514,703.468208092485,704.624277456647,708.092485549133,715.028901734104,718.497109826589,718.497109826589,723.121387283237,726.589595375722,731.21387283237,742.774566473988,775.14450867052,805.202312138728,836.416184971098,868.78612716763,905.780346820809,948.554913294797,987.8612716763,1017.9190751445,1044.50867052023],
                 "Y":[100,100,100,100,100,100,100,99.236641221374,99.236641221374,99.236641221374,99.4910941475826,99.4910941475826,98.9821882951653,98.473282442748,96.9465648854961,92.6208651399491,88.5496183206106,81.1704834605597,75.8269720101781,67.9389312977099,62.3409669211195,55.7251908396946,47.5826972010178,40.7124681933842,35.1145038167938,30.0254452926208,24.6819338422391,20.8651399491094,17.3027989821882,15.7760814249363,15.0127226463104,14.7582697201017,13.9949109414758,12.9770992366412,12.9770992366412,12.4681933842239,11.4503816793892,11.7048346055979]
                },
    "Moltò 2007":{ "units":["K",""],
                 "X":[529.92914,617.4799,654.5174,675.93713,689.5429,698.1919,708.30145,719.1177,731.30676,746.29047,786.15466,835.2714,876.5557],
                 "Y":[1,0.992665847091925,0.96126446462093,0.882291698230963,0.785466807868227,0.658941499346861,0.488913105031093,0.324822940108668,0.220077282301857,0.176663398175754,0.169014819711194,0.161427247341308,0.15774371400541]
                }
    }
}
