{
"TG":{
    "Kim2003":{ "units":["C","X"],
                 "X":[349.05914, 364.71243, 370.19113, 373.9419, 377.00613, 379.38623, 382.28314, 387.9283, 395.46744, 404.0552, 418.1592, 432.27213, 453.44327],
                 "Y":[0.006594653, 0.047856823, 0.15248269, 0.2796743, 0.39979047, 0.5043566, 0.60752034, 0.7319236, 0.8549508, 0.9229132, 0.96414554, 0.9743044, 0.9831868]
                }
    },
"Gas_Yield":{
    "Kim2003":{ "units":["min","w"],
                 "X":[1e8],
                 "Y":{                                   
"C6H6+C6H4":[0.012436143],
"C7H8":[0.0788688],
"C8H8":[0.3758527],
"C9H12+C9H10":[0.13952254],
"C15H16":[0.018637145],
"C16H18+C16H16+C16H14":[0.33381128],
"C24H26+C24H24+C24H22":[0.03040291]
                        },
                "names":["C6","C7H8","C8H8","C9","C15","C16","C24"]    
            }
    }
}