{
"TG":{
    "Amorim 1982":{ "units":["min","X"],
                 "X":[13.101998,36.411026,53.666534,75.05381,95.70794,114.41975,134.58081,154.97311,168.31989],
                 "Y":[0.030287465,0.12943237,0.24793619,0.3952663,0.52655673,0.64985263,0.7586789,0.83700377,0.8737079]
                }
    }
}