{
"TG":{
    "Dawood 2001":{ "units":["s",""],
                 "X":[21.615103,103.51389,225.15125,313.7808,426.3111,561.60095,692.41656,803.91254,868.76917],
                 "Y":[0.9900074,0.9351629,0.7412375,0.537489,0.33862907,0.13969857,0.05988846,0.019840457,0.0072323605]
                }                            
    }
}