{
"TG":{
    "Das 2019":{ "units":["min","%"],
                 "X":[2.95081967213114,11.8032786885246,15.4918032786885,18.4426229508196,25.0819672131147,29.5081967213114,33.9344262295082,39.0983606557377,43.5245901639344,49.4262295081967,53.8524590163934,59.7540983606557,71.5573770491803,78.1967213114754,87.7868852459016,96.6393442622951,106.967213114754,118.032786885245,134.262295081967,146.803278688524,164.508196721311,181.475409836065,197.704918032786,217.622950819672,239.016393442622,262.622950819672,289.180327868852,311.311475409836,333.442622950819,351.147540983606,369.590163934426,392.459016393442,411.639344262295,430.081967213114,450.737704918032,471.39344262295,478.032786885246],
                 "Y":[99.3539325842696,96.8258426966292,92.5280898876404,88.7359550561797,84.438202247191,78.3707865168539,73.8202247191011,70.5337078651685,66.2359550561797,61.938202247191,58.1460674157303,52.3314606741573,46.7696629213483,41.7134831460674,37.9213483146067,34.6348314606741,32.1067415730337,29.3258426966292,27.3033707865168,25.7865168539325,24.0168539325842,23.005617977528,21.9943820224719,21.4887640449438,20.4775280898876,19.9719101123595,19.7191011235955,18.9606741573033,18.7078651685393,18.7078651685393,18.2022471910112,18.2022471910112,18.4550561797752,17.9494382022471,17.4438202247191,17.4438202247191,17.6966292134831]
                }
    }
}
