{
"TG":{
    "Aboulkas 2010 HDPE":{ "units":["K","%"],
                 "X":[324.58228	,435.43945	,509.0959	,576.3212	,649.98193	,695.7601	,720.09937	,733.7347	,743.1031	,748.8949	,750.39166	,759.0449	,763.37836	,778.42004	,812.74744],
                 "Y":[100	,100	,100	,97.24123	,96.88502	,94.8122	,89.31705	,78.69516	,62.75882	,47.0111	,32.210796	,16.274231	,6.787922	,1.4795784	,1.300681]
                },
    "Budrugeac 2009 HDPE":{ "units":["°C","X"],
                 "X":[396.05164,425.0704,441.91025,452.56506,460.0301,467.4832,472.5018,477.33002,486.8041,492.39856,502.87842],
                 "Y":[0.004891487,0.030542463,0.0789384,0.14533222,0.23337448,0.36238068,0.49135754,0.6311756,0.8939418,0.9747326,0.99895537]
                },
    "Kayacan 2008 HDPE":{ "units":["K","%"],
                 "X":[520.9028	,561.9027	,610.2349	,653.9013	,693.23236	,721.56067	,734.8787	,741.1954	,745.17096	,748.8087	,752.78345	,754.42346	,758.0662	,762.04034	,767.01733	,776.00146],
                 "Y":[99.52547	,99.513466	,99.03094	,98.901054	,97.952774	,95.836754	,89.39258	,82.36497	,72.05936	,59.88031	,49.22341	,37.981716	,27.910395	,17.019304	,7.2988806	,0.62177926]
                },
    "Rychly 1989 HDPE":{ "units":["K",""],
                 "X":[669.9,682.3,694.6,706,718.2,731.3,743.3,755.4,769.2],
                 "Y":[0.9854,0.9766,0.962,0.9386,0.9006,0.8246,0.6871,0.4444,0.1404]
                }
    }
}