{
"TG":{
    "Janajreh 2020 LDPE":{ "units":["°C",""],
                 "X":[339.33206,397.12448,432.5239,452.0314,466.88037,475.23795,481.84335,487.24725,493.24356,499.22876,512.25604],
                 "Y":[0.9912484,0.97900814,0.950331,0.8853722,0.74443007,0.6106742,0.45520574,0.32866186,0.19850558,0.082815856,0.010576956]
                }
    },
"DSC":{
    "Janajreh 2020 LDPE":{ "units":["°C","W/g"],
                 "X":[20.452461,25.788265,29.790848,31.067307,32.988544,37.02751,40.394047,46.425575,53.116432,59.80293,67.80227,81.09957,96.35595,110.94282,121.54893,143.98085,178.30844,215.29956,248.32596,265.46426,283.914,315.62463,339.38248,358.4959,380.23648,395.37787,413.15662,430.3255,446.86853,456.1676,464.81464,472.15756,478.81494,485.4505,495.3245,500.5293,503.0997,507.63498,521.4271,533.3068,551.83075,567.07697,583.62146],
                 "Y":[1.7340585,1.1819938,0.7598225,1.2635082,1.9459314,1.1176198,0.4192371,-0.5226866,-1.448329,-2.3252344,-3.1045945,-4.0136333,-4.662635,-5.2141986,-5.5872755,-5.196164,-4.820654,-4.6724396,-4.52444,-4.0523868,-3.4665427,-3.383597,-3.0411508,-2.4877622,-1.7555286,-1.1211264,-0.4215988,-0.2907035,-0.54973876,-1.0853431,-1.718457,-2.5465899,-3.098583,-3.4068918,-2.983969,-2.0739284,-1.2615043,-0.2540256,0.6889716,0.8520719,0.60938954,0.07410721,-0.2011737]
                }
    }
}
