{
"TG":{
    "Aboulkas 2010 LDPE":{ "units":["K","%"],
                 "X":[313.09842	,385.67114	,485.5508	,577.5194	,634.28217	,682.4066	,713.24274	,729.65594	,738.153	,742.33875	,750.09485	,755.7108	,764.93506	,790.0674],
                 "Y":[100	,100	,98.342705	,97.51452	,97.09352	,94.94728	,88.00443	,75.30159	,61.257664	,47.216503	,30.67305	,15.861742	,2.7788908	,0.83970135]
                },
    "Dubdub 2020 LDPE":{ "units":["K","%"],
                 "X":[535.522	,578.55695	,620.2625	,661.5248	,689.0385	,709.01996	,720.1361	,726.37445	,731.73413	,738.8657	,745.56226	,750.472	,770.0082],
                 "Y":[100	,100	,99.240166	,98.25392	,95.263084	,88.10307	,77.60677	,66.10884	,50.94395	,36.946316	,19.28187	,6.783496	,0.29000297]
                },
    "Duque 2020 LDPE":{ "units":["°C","%"],
                 "X":[355.30658,381.13205,402.90756,426.3464,441.14066,450.75455,457.47815,463.61313,468.62946,472.50955,478.70605,488.39023,511.3459],
                 "Y":[98.35786,98.06785,95.191895,87.59526,77.186455,65.60921,52.38701,37.986748,25.947422,14.853915,5.406565,0,0]
                },
    "Janajreh 2020 LDPE":{ "units":["°C",""],
                 "X":[332.25525,394.76462,427.22012,440.8217,452.7003,460.46268,468.24872,471.2872,476.09317,480.29837,487.45862,495.15985],
                 "Y":[0.9930056,0.98079944,0.94667596,0.8943328,0.7823024,0.65577555,0.4985073,0.3809879,0.26528966,0.16405371,0.05379747,0.0068366374]
                },
    "Kayacan 2008 LDPE":{ "units":["K","%"],
                 "X":[530.4805	,583.0829	,640.80035	,683.89	,708.3407	,727.61725	,739.8681	,743.3889	,747.6844	,751.96783	,755.18445	,758.403	,763.0818	,772.15106],
                 "Y":[99.639145	,99.59502	,99.658455	,97.94445	,95.239365	,85.827194	,66.913055	,52.14496	,42.297928	,31.108618	,23.164062	,15.443219	,7.6092935	,0.5546847]
                },
    "Kayacan 2008 LDPE waste":{ "units":["K","%"],
                 "X":[524.2823	,577.335	,624.8031	,665.63824	,698.0842	,718.6398	,729.0598	,736.67285	,741.4991	,745.62177	,751.47504	,757.3429	,763.2205	,775.7494	,790.05817],
                 "Y":[100	,99.95642	,99.70699	,99.238304	,96.54465	,89.62129	,80.25098	,68.20666	,57.167233	,45.12486	,30.405945	,18.362598	,8.102961	,1.407045	,1.0646225]
                }
    
    },
"DSC":{
    
    "Janajreh 2020 LDPE":{ "units":["°C","W/g"],
                 "X":[21.11325,29.78648,33.652245,38.360737,45.06324,54.37106,69.62599,86.86329,102.76445,114.03863,124.58361,153.65982,191.34666,235.63268,275.9394,310.30774,351.93457,382.9917,418.02084,438.5184,455.06873,466.99643,474.94626,489.4254,496.63736,509.15015,540.2014,569.28345,595.72235],
                 "Y":[1.7340944,0.80855936,1.913476,0.98772633,-0.06788091,-0.70095897,-1.3337151,-1.9663637,-2.4366279,-2.8908968,-2.5816574,-2.5963287,-2.837973,-2.9817863,-2.963358,-3.0427253,-3.0079796,-3.0062978,-3.0856295,-3.2307308,-3.5709941,-3.943999,-4.1710086,-3.5203965,-2.8864238,-2.414621,-2.3479567,-2.4276104,-2.5074072]
                }
    }
}
