{
"TG":{
    "Day 1984":{ "units":["s","X%"],
                 "X":[10],
                 "Y":[92.072334]
                }
    },
    
"Gas_Yield":{
    "Day 1984":{ "units":["s","w%"],
                 "X":[10],
                 "Y":{
"CO":[13.4404097916667],
"CO2":[12.3722078333333],
"CH4":[1.20936133333333],
"C2H4":[5.35660260416667],
"CH3CHO":[1.45017913333333],
"C6H6":[4.0333580625],
"BA":[6.01344608333333],
"VB":[8.36355014583333],
"DVT":[11.7765240677083],
"EGDB":[2.013992590625]

                    },
                "names":["CO","CO2","CH4","C2H4","CH3CHO","MAH","BA","VB","DVT","EGDB"]
                  }
             }  
}
