{
"TG":{
    "Dawood 2001":{ "units":["°C",""],
                 "X":[369.935,394.3341,415.62967,427.80392,438.88794,449.19955,465.24374],
                 "Y":[0.96527445,0.9133252,0.7778043,0.6006896,0.3703705,0.14007103,0.010386727]
                }
    }
}