{
"TG":{
    "Dubdub 2020 LDPE":{ "units":["K","%"],
                 "X":[514.67175	,573.67633	,620.2609	,677.494	,717.42737	,742.2913	,756.96423	,767.2128	,775.24036	,781.05035	,786.4002	,795.73785],
                 "Y":[100	,100	,99.90683	,99.25924	,97.43922	,89.28083	,75.61905	,56.789116	,39.12511	,21.127033	,10.128808	,1.2985803]
                }
    }
}