{
"TG":{
    "This work":{ "units":["min",""],
                 "X":[0,0.25,0.5,0.75,1,1.25,1.5,1.75,2,2.25,2.5,2.75,3,3.25,3.5,3.75,4,4.25,4.5,4.75,5,5.25,5.5,5.75,6,6.25,6.5,6.75,7,7.25,7.5,7.75,8,8.25,8.5,8.75,9,9.25,9.5,9.75,10,10.25,10.5,10.75,11,11.25,11.5,11.75,12,12.25,12.5,12.75,13,13.25,13.5,13.75,14,14.25,14.5,14.75,15,15.25,15.5,15.75,16,16.25,16.5,16.75,17,17.25,17.5,17.75,18,18.25,18.5,18.75,19,19.25,19.5,19.75,20,20.25,20.5,20.75,21,21.25,21.5,21.75,22,22.25,22.5,22.75,23,23.25,23.5,23.75,24,24.25,24.5,24.75,25,25.25,25.5,25.75,26,26.25,26.5,26.75,27,27.25,27.5,27.75,28,28.25,28.5,28.75,29,29.25,29.5,29.75,30,30.25,30.5,30.75,31,31.25,31.5,31.75,32,32.25,32.5,32.75,33,33.25,33.5,33.75,34,34.25,34.5,34.75,35,35.25,35.5,35.75,36,36.25,36.5,36.75,37,37.25,37.5,37.75,38,38.25,38.5,38.75,39,39.25,39.5,39.75,40,40.25,40.5,40.75,41,41.25,41.5,41.75,42,42.25,42.5,42.75,43,43.25,43.5,43.75,44,44.25,44.5,44.75,45,45.25,45.5,45.75,46,46.25,46.5,46.75,47,47.25,47.5,47.75,48,48.25,48.5,48.75,49,49.25,49.5,49.75,50,50.25,50.5,50.75,51,51.25,51.5,51.75,52,52.25,52.5,52.75,53,53.25,53.5,53.75,54,54.25,54.5,54.75,55,55.25,55.5,55.75,56,56.25,56.5,56.75,57,57.25,57.5,57.75,58,58.25,58.5,58.75,59,59.25,59.5,59.75,60,60.25,60.5,60.75,61,61.25,61.5,61.75,62,62.25,62.5,62.75,63,63.25,63.5,63.75,64,64.25,64.5,64.75,65,65.25,65.5,65.75,66,66.25,66.5,66.75,67,67.25,67.5,67.75,68],
                 "Y":[1,1,0.9998801,1.0000171,0.9998115,0.999743,0.9997601,0.9997601,0.9997087,0.9995031,0.9994517,0.9996744,0.9993489,0.9997258,0.9993489,0.9992289,0.9994346,0.9993317,0.9991261,0.9991775,0.9987834,0.9992118,0.9991604,0.9990233,0.9989548,0.998732,0.9988006,0.998732,0.9986464,0.9984921,0.9983722,0.9982694,0.9981494,0.9980124,0.9978753,0.9977725,0.9977039,0.9976697,0.9975669,0.9975497,0.9975326,0.9974983,0.9974469,0.9973955,0.9973955,0.9974983,0.9974641,0.9975669,0.9973784,0.9974469,0.9972927,0.9976354,0.9975669,0.9975326,0.9974641,0.9975155,0.9976697,0.9974812,0.9977039,0.9976697,0.9974983,0.9976868,0.9973441,0.9975155,0.9976183,0.9975669,0.9975326,0.9972927,0.9974983,0.9975326,0.9975155,0.997327,0.9974127,0.9974983,0.9976011,0.9976011,0.9977382,0.9972242,0.9976183,0.9974983,0.9975497,0.997327,0.9973784,0.9974469,0.9972927,0.9975326,0.9973784,0.997327,0.9971556,0.9974298,0.9973784,0.9973784,0.9972927,0.997327,0.9971385,0.9973784,0.9971728,0.9973098,0.9973098,0.9974127,0.9973441,0.9973955,0.9973441,0.9973613,0.9971899,0.9973955,0.9973955,0.9973955,0.9973613,0.9973955,0.9972584,0.9975497,0.9974469,0.9974641,0.9973784,0.9973955,0.9973613,0.9970871,0.9974983,0.9973098,0.9971556,0.997207,0.9972927,0.9969843,0.9973784,0.9972413,0.9970528,0.9970186,0.9970014,0.9970186,0.9969672,0.9968986,0.9968472,0.9967273,0.9965216,0.9963674,0.9962132,0.995682,0.995425,0.9948596,0.9941913,0.9932318,0.9924779,0.9917411,0.9895649,0.9884169,0.9857953,0.9825397,0.9782389,0.9733555,0.9674783,0.9612755,0.954216,0.9461344,0.9369162,0.9241265,0.9135045,0.8985291,0.8832008,0.8707078,0.856797,0.8408992,0.8246424,0.8080264,0.7951674,0.781593,0.7651214,0.7507637,0.7369059,0.7239624,0.7103099,0.6975418,0.6851774,0.6729881,0.6613125,0.6501687,0.6384135,0.6288087,0.6185771,0.6089406,0.5996399,0.5901305,0.5807098,0.5715872,0.5629472,0.5538524,0.545624,0.5375526,0.529754,0.5222538,0.5146033,0.50749,0.5005003,0.4936296,0.487115,0.4807074,0.4743956,0.4680248,0.4619582,0.456233,0.4508516,0.445299,0.4398007,0.4346036,0.4297532,0.4246118,0.4200269,0.4156527,0.4108155,0.4068618,0.4026616,0.39824,0.3946727,0.3909168,0.3869741,0.3835551,0.3800398,0.3768002,0.3734544,0.3705581,0.367219,0.3644688,0.3618024,0.3591672,0.3567084,0.3536974,0.3514273,0.3489491,0.3465132,0.3442871,0.3421791,0.340187,0.3379241,0.3358716,0.3340037,0.3321349,0.3303338,0.328618,0.3266882,0.3253162,0.3238205,0.3219378,0.3206661,0.3191264,0.3173775,0.3162654,0.3146914,0.3133202,0.3121163,0.3108356,0.3095793,0.3084904,0.3073502,0.3062067,0.3050227,0.3036341,0.3028473,0.3018878,0.3007896,0.2996605,0.2987666,0.2979287,0.2966615,0.2960248,0.2952049,0.2941891,0.2934404,0.2926154,0.2916417,0.290902,0.29013,0.2892738,0.2885011]
                }
    },
"Char_EA":{
    "This work":{ "units":["min","%"],
                 "X":[68],
                 "Y":{
                    "C":[80.4],
                    "H":[4.33],
                    "O":[15.23]
                    },
                "stddev":{
                    "Y":{
                          "C":[0.0128],
                          "H":[0.0012],
                          "O":[0.0140]
                        }
                        }
              }
    }

}
