{
"TG":{
    "Mazloum 2021 HDPE":{ "units":["°C",""],
                 "X":[385.53415,417.76862,440.41043,457.68652,466.1439,468.46716,473.85913,478.10254,481.193,485.81805,488.90555,493.13956,501.20728],
                 "Y":[1,0.993257925314568,0.983056532912668,0.935147634486722,0.846093010033082,0.724467465441003,0.609705101120512,0.479520485525555,0.359610791986924,0.241419477691349,0.138641244826346,0.0632772739209168,0.00848421419623843]
                }
    },
"DSC":{
    
    "Mazloum 2021 HDPE":{ "units":["°C","W/g"],
                 "X":[31.8306,49.590164,69.39891,94.672134,113.11475,124.04372,128.82513,131.55737,133.60655,137.02185,139.7541,142.48634,141.80328,143.85246,147.26776,168.44263,204.6448,268.85245,323.49725,366.53006,381.55737,397.9508,425.9563,444.3989,455.32788,463.5246,467.62296,473.77048,479.91803,483.33334,486.06558,487.4317,491.53006,495.62842],
                 "Y":[-0.12128518190943,-0.247235168307888,-0.251899996369779,-0.284553692618346,-0.363855539835075,-0.559777776258638,-0.755699977322905,-0.900309240609632,-1.07757216478563,-1.12888510256317,-0.946957403364225,-0.732375925411688,-0.587766662124962,-0.457151841771397,-0.31254257848467,-0.261229640707129,-0.284553692618346,-0.293883319276049,-0.289218526573453,-0.303212951826968,-0.340531464350994,-0.321872211035589,-0.359190741239263,-0.443157381158587,-0.615755547991286,-0.825672191988715,-0.95628701234228,-1.10089621669685,-0.946957403364225,-0.718381482478526,-0.494470336615776,-0.289218526573453,-0.116620365633971,-0.0186592592086213]
                }
      }
}