{
"Gas_Yield":{    
    "Yang1998":{ "units":["s","w%"],
                 "X":[3],
                 "Y":{
                    "C8H8":[62.778732],	"C16H16":[4.215333],	"C24H24":[5.289389]
                    },
                "names":["C8H8","C16H16","C24H24"]
                }                        
     }
}            