{
"TG":{
    "This work":{ "units":["min",""],
                 "X":[0,0.25,0.5,0.75,1,1.25,1.5,1.75,2,2.25,2.5,2.75,3,3.25,3.5,3.75,4,4.25,4.5,4.75,5,5.25,5.5,5.75,6,6.25,6.5,6.75,7,7.25,7.5,7.75,8,8.25,8.5,8.75,9,9.25,9.5,9.75,10,10.25,10.5,10.75,11,11.25,11.5,11.75,12,12.25,12.5,12.75,13,13.25,13.5,13.75,14,14.25,14.5,14.75,15,15.25,15.5,15.75,16,16.25,16.5,16.75,17,17.25,17.5,17.75,18,18.25,18.5,18.75,19,19.25,19.5,19.75,20,20.25,20.5,20.75,21,21.25,21.5,21.75,22,22.25,22.5,22.75,23,23.25,23.5,23.75,24,24.25,24.5,24.75,25,25.25,25.5,25.75,26,26.25,26.5,26.75,27,27.25,27.5,27.75,28,28.25,28.5,28.75,29,29.25,29.5,29.75,30,30.25,30.5,30.75,31,31.25,31.5,31.75,32,32.25,32.5,32.75,33,33.25,33.5,33.75,34,34.25,34.5,34.75,35,35.25,35.5,35.75,36,36.25,36.5,36.75,37,37.25,37.5,37.75,38,38.25,38.5,38.75,39,39.25,39.5,39.75,40,40.25,40.5,40.75,41,41.25,41.5,41.75,42,42.25,42.5,42.75,43,43.25,43.5,43.75,44,44.25,44.5,44.75,45,45.25,45.5,45.75,46,46.25,46.5,46.75,47,47.25,47.5,47.75,48,48.25,48.5,48.75,49,49.25,49.5,49.75,50,50.25,50.5,50.75,51,51.25,51.5,51.75,52,52.25,52.5,52.75,53,53.25,53.5,53.75,54,54.25,54.5,54.75,55,55.25,55.5,55.75,56,56.25,56.5,56.75,57,57.25,57.5,57.75,58,58.25,58.5,58.75,59,59.25,59.5,59.75,60,60.25,60.5,60.75,61,61.25,61.5,61.75,62,62.25,62.5,62.75,63,63.25,63.5,63.75,64,64.25,64.5,64.75,65,65.25,65.5,65.75,66,66.25,66.5,66.75,67,67.25,67.5,67.75,68,68.25,68.5,68.75,69,69.25,69.5,69.75,70,70.25,70.5,70.75,71,71.25,71.5,71.75,72,72.25,72.5,72.75,73,73.25,73.5,73.75,74,74.25,74.5,74.75,75,75.25,75.5,75.75,76,76.25,76.5,76.75,77,77.25,77.5,77.75],
                 "Y":[1,0.9993333,0.9993793,0.9990345,0.9993793,0.9988966,0.9988736,0.9991034,0.9986437,0.9988046,0.9986437,0.9989425,0.9985747,0.9982069,0.9986207,0.9975632,0.998023,0.9973563,0.9976322,0.9974713,0.9975632,0.9972184,0.9971724,0.9969195,0.9969655,0.9965517,0.9965057,0.9964598,0.9962759,0.9963448,0.9958851,0.996,0.9956322,0.9953793,0.9954713,0.9953563,0.9953793,0.9950805,0.9951034,0.9951264,0.9952414,0.9951034,0.9948276,0.9949195,0.9949885,0.9950345,0.9950115,0.9951954,0.9950805,0.9950575,0.9950345,0.9949425,0.9950115,0.9951034,0.9948046,0.9952874,0.9950115,0.9950805,0.9950575,0.9952184,0.9950575,0.9950345,0.9953333,0.9952874,0.9952644,0.9952874,0.9954713,0.9954713,0.9952184,0.9952874,0.9953103,0.9955402,0.9951494,0.9951724,0.9949885,0.9952644,0.9953563,0.9950805,0.9951494,0.9952184,0.9952414,0.9951494,0.9951494,0.9951724,0.9951724,0.9951034,0.9950575,0.9950345,0.9953333,0.9949885,0.9949425,0.9950575,0.9950345,0.9950805,0.9951034,0.9951494,0.9952874,0.9949885,0.9950575,0.9951494,0.9951954,0.9951264,0.9952184,0.9951724,0.9951494,0.9952644,0.9951264,0.9951494,0.9951724,0.9951954,0.9952414,0.9953333,0.9952184,0.9951724,0.9951264,0.9950805,0.9950805,0.9950805,0.9951264,0.9951264,0.9951034,0.9950345,0.9950575,0.9948046,0.9951724,0.9951034,0.9950805,0.9949425,0.9949195,0.9949885,0.9948966,0.9947816,0.9945747,0.9944598,0.994069,0.994092,0.9935402,0.9933563,0.9927586,0.9922299,0.9915172,0.9906207,0.9895862,0.9883218,0.9869655,0.9848506,0.9823448,0.9796552,0.9765057,0.9725517,0.9662299,0.9594023,0.9517471,0.9434713,0.9338161,0.9224368,0.910046,0.8886207,0.8716782,0.8503448,0.8252874,0.7974023,0.7649425,0.7233103,0.6789425,0.6302529,0.5752873,0.5212874,0.4694483,0.4173793,0.370023,0.3313333,0.301862,0.2835172,0.2677471,0.2553333,0.2462069,0.2386437,0.2328506,0.2281609,0.2244827,0.2215862,0.2192643,0.2171954,0.2155862,0.2137701,0.2123448,0.2110345,0.2099541,0.2088965,0.208,0.2071035,0.2062298,0.2056253,0.2049935,0.2044977,0.203957,0.204,0.2036423,0.2033166,0.2031275,0.2029172,0.2026478,0.2025104,0.2023764,0.2022807,0.2020388,0.2019328,0.2017745,0.2016577,0.2015381,0.2014496,0.2013543,0.2012929,0.2011722,0.2010166,0.2009692,0.2008968,0.2008103,0.2007629,0.2005894,0.2008045,0.2004368,0.2006108,0.2005318,0.2004822,0.2008,0.200464,0.2004127,0.2003195,0.2004006,0.2002512,0.2001096,0.2001747,0.2000514,0.1999811,0.1999547,0.1999089,0.1998888,0.1997515,0.1998009,0.1997303,0.1996576,0.1996097,0.1995635,0.1995144,0.1994951,0.1994717,0.1994401,0.1993762,0.1994248,0.1993817,0.1993313,0.1993341,0.1993047,0.1992639,0.1992157,0.1992013,0.1992245,0.1991262,0.199086,0.1990308,0.1989666,0.1989411,0.1988077,0.1987346,0.1986919,0.1987281,0.198649,0.198735,0.1986933,0.198645,0.1986206,0.1986439,0.198551,0.1985502,0.1985505,0.1985755,0.1984874,0.1984827,0.1984827,0.1984435,0.1982761,0.1982767,0.198343,0.1983671,0.1983159,0.1984074,0.1982966,0.1981854,0.1980879,0.1981612,0.19813,0.1981504,0.1979739,0.1980117,0.1978719,0.1979019,0.1981867,0.198115,0.1980716,0.1980261,0.1977659,0.1979273,0.1978089,0.1978854,0.1980478,0.1978106,0.1979334,0.1979312,0.1978874,0.1977266]
                }
    },
"Char_EA":{
    "This work":{ "units":["min","%"],
                 "X":[77.75],
                 "Y":{
                    "C":[89.66],
                    "H":[4.18],
                    "O":[6.16]
                    },
                "stddev":{
                    "Y":{
                          "C":[0.0032],
                          "H":[0.0004],
                          "O":[0.0036]
                        }
                        }
              }
    }
}
