{
"TG":{    
    "Bouster1980 EPS":{ "units":["h","X"],
                 "X":[0.04784518,0.22008604,0.3687315,0.5565794,0.72086716,0.9244716,1.0731435,1.2532319,1.417634,1.5978103,1.7622917,1.9973567,2.2403307,2.4989998,2.781326,3.0793295,3.2753856,3.7460349,4.28732,4.726676,5.2680674],
                 "Y":[0.052844044,0.112102695,0.17908226,0.2512192,0.32592693,0.38905397,0.4521709,0.51143104,0.56940067,0.61578536,0.6621672,0.7149997,0.75882083,0.80264485,0.82973516,0.8594035,0.8787527,0.90845275,0.93687826,0.95240957,0.9653846]
                }
    }
}