{
"Gas_Yield":{
        "This work":{ "units":["s","w%"],
                     "X":[300],
                     "Y":{
                          "CO":[9.47511],
                          "CO2":[19.5917],
                          "C2H4":[3.0958783873531],
                          "CH3CHO":[10.7055734457697],
                          "C6H6":[4.25084493317454],
                          "VB":[3.61241047022961],
                          "BA":[12.3097573042144],
                          "TA":[0],
                          "EGDB":[2.69638683722785]
                        },
                       "names":["CO","CO2","C2H4","CH3CHO","MAH","VB","BA","TA","EGDB"],
                       "stddev":{
                            "Y":{
                                "CO":[1.20],
                                "CO2":[2.4],
                                "C2H4":[0.755549475758964],
                                "CH3CHO":[1.58590205808093],
                                "C6H6":[1.06683859479639],
                                "VB":[0.254790885808702],
                                "BA":[0.550562504906917],
                                "TA":[0],
                                "EGDB":[0.520063521682967]
                            }
                      }
                 },
        "Du 2016 waste carpet fiber":{ "units":["s","w%"],
                     "X":[20],
                     "Y":{
                          "CO":[4.59],
                          "CO2":[6.76],
                          "CH4":[1.29],
                          "C6H6":[1.82928333],
                          "BA+CH2CO":[18.3653173]
                        },
                       "names":["CO","CO2","CH4","MAH","BA+\nAcetyl-BA"],
                       "stddev":{
                                "Y":{
                                    "CO":[0.51],
                                    "CO2":[0.27],
                                    "CH4":[0.13],
                                    "C6H6":[0.2606178],
                                    "BA+CH2CO":[0.624239200000001]
                                    }
                                }
                }
            }
}               
