{
"TG":{    
    "Bouster1980 EPS":{ "units":["h","X"],
                 "X":[0.14208588,0.4007198,0.72196686,0.9961991,1.2547978,1.4977368,1.7563355,1.991427,2.2657473,2.7126338,3.2457464,3.8103633,4.3122706,4.7827964,5.253428,5.763297,6.288914,6.8224225,7.269582,7.787413],
                 "Y":[0.042561032,0.09153523,0.16498427,0.2281243,0.28224868,0.33122,0.38534436,0.43431422,0.48457885,0.54646313,0.62252617,0.68185705,0.73087597,0.7786016,0.8108767,0.8431591,0.8677191,0.8858428,0.9078133,0.92335904]
                }
    }
}