{
"TG":{
    "Amorim 1982":{ "units":["min","X"],
                 "X":[6.3288517,8.537104,10.505282,14.200394,18.859907,22.059008,28.41313,34.754322,44.476505,57.816227],
                 "Y":[0.070524834,0.14272095,0.2213415,0.38179678,0.52779025,0.65775573,0.7973014,0.90153414,0.9703993,0.98784184]
                },
    "Kiang 1980":{ "units":["min",""],
                 "X":[3.294393,5.0099473,9.454032,15.092211],
                 "Y":[0.77798873,0.695977,0.5120377,0.3825328]
                }                                
    }

}
