{
"TG":{
    "Jellinek 1949 HDPE":{ "units":["min","X"],
                 "X":[1.7822353,11.080946,23.495792,38.520287,50.65228,68.67078,79.14742,89.58177],
                 "Y":[0.059954286,0.13403207,0.15595505,0.18095557,0.21913205,0.2699144,0.29683375,0.30752075]
                }
    }
}