{
"TG":{
    "Krishna2019":{ "units":["s",""],
                 "X":[0,3.9080873,5.978606,8.053236,9.877444,12.084136,15.193512,20.116646],
                 "Y":[1,0.88807046,0.6378088,0.32143208,0.1895772,0.055046506,0.006102016,0]
                }
    }
}