{
"Gas_Yield":{
    "Bouster1989":{ "units":["min","w%"],
                 "X":[1e8],
                 "Y":{
                    "C2H4+C3H6+C4H8":[0],
                    "C6H6":[0],
                    "C7H8":[0.7],
                    "C8H10":[0],
                    "C8H8":[66.8],
                    "C9H10":[0.2],
                    "C15H16":[0.3],
                    "C16H16":[4.6],
                    "C24H24+C24H26+C24H22":[15]
                    },
                "names":["LO","C6","C7H8","C8H10","C8H8","C9H10","C15","C16","C24"]
                },
    "Yang1998":{ "units":["s","w%"],
                 "X":[3],
                 "Y":{
                    "C8H8":[43.910805],	"C16H16":[3.9318256],	"C24H24":[9.694533]
                    },
                "names":["C8H8","C16H16","C24H24"]
                }                        
     }
}            