{
"TG":{
    "Bockhorn1998":{ "units":["min","X"],
                 "X":[6.771463, 25.816204, 46.130592, 64.3289, 85.91294, 108.766624, 137.96857, 185.3688, 233.19226, 291.59613, 326.72308],
                 "Y":[0.03724138, 0.18482758, 0.3627586, 0.50344825, 0.6275862, 0.7337931, 0.8206897, 0.8965517, 0.9434483, 0.97931033, 0.99448276]
                }
    }
}