{
"TG":{
    "Budrugeac 2009 HDPE":{ "units":["°C","X"],
                 "X":[393.8048,415.89053,432.72513,442.81396,453.81036,461.62326,468.49173,473.32452,478.73312,485.83832,496.69727],
                 "Y":[0.0036595904,0.043684952,0.11015322,0.19099814,0.37064973,0.550263,0.7575758,0.88173115,0.9577004,0.9951356,1]
                },
    "Ceamanos 2002 HDPE":{ "units":["°C","%"],
                 "X":[355.04034	,375.42874	,404.52246	,420.7853	,434.5239	,443.67694	,448.70337	,452.35	,456.22205	,460.5541	,465.3415	,469.6654	,474.00247	,479.03204	,490.71246	,501.93417	,512.01306],
                 "Y":[100	,100	,98.979996	,97.42582	,93.629364	,87.8726	,80.57595	,70.47522	,58.410797	,47.327816	,34.701744	,19.270945	,10.852759	,5.2391357	,3.4076633	,1.2960078	,0.5876777]
                },
    "Conesa 1996 HDPE":{ "units":["°C",""],
                 "X":[400.58902,407.37234,414.98495,421.61066,425.92044,432.55188,438.3588,443.67752,449.67267,455.0038,460.17352,464.35535,468.8811,472.247,475.94733,479.30942,484.952,491.89966],
                 "Y":[0.9580851,0.9471779,0.9314788,0.9076596,0.8869354,0.8534393,0.8166708,0.7669717,0.69150466,0.6208388,0.5437123,0.4600785,0.35388377,0.25246224,0.14460802,0.04963778,0.011247142,0.001962052]
                },
    "Duque 2020 LDPE":{ "units":["°C","%"],
                 "X":[316.29456,366.21774,400.07288,424.66843,434.33505,443.3838,451.22308,457.9086,462.91617,466.7465,474.0792,488.39023,515.36365],
                 "Y":[99.8548,98.806694,98.028145,91.136665,83.80477,72.93629,57.117302,40.829014,28.08213,12.979126,2.585958,0,0]
                },
    "Ranzi 1997 HDPE":{ "units":["°C",""],
                 "X":[377.2867,402.28506,436.0564,453.84067,467.2725,473.48288,477.68158,481.86203,490.30173],
                 "Y":[0.97458196,0.96156096,0.92106676,0.8605729,0.67909396,0.47930866,0.27112013,0.13515355,0.020168284]
                },
    "Kayacan 2008 HDPE":{ "units":["K","%"],
                 "X":[515.57	,567.56995	,629.5691	,683.90125	,712.89624	,726.21625	,734.85986	,739.1679	,743.1187	,749.40704	,753.71094	,758.68787	,765.0068	,780.66675],
                 "Y":[100	,99.746	,99.376564	,98.89227	,96.776054	,91.15155	,81.43005	,70.773056	,50.04591	,31.07452	,18.661087	,8.940662	,2.8498216	,0.03493361]
                },
    "Kayacan 2008 HDPE waste":{ "units":["K","%"],
                 "X":[517.12317	,571.7908	,652.26764	,705.2254	,724.5323	,732.9492	,736.62494	,739.26184	,742.9284	,747.6136	,753.33704	,763.4984],
                 "Y":[99.39895	,99.13023	,99.43728	,96.6873	,86.86501	,72.08461	,59.907486	,43.593857	,29.525482	,15.456507	,5.4058337	,0.19887817]
                },    
    "Wu 1993 HDPE":{ "units":["K",""],
                 "X":[667.3315,686.9607,704.7678,717.3669,727.47577,737.9689,745.1055,752.47107,759.8539,769.0762],
                 "Y":[0.9875652,0.9691847,0.9195648,0.83883804,0.74451035,0.52101105,0.3543937,0.19363816,0.06614955,0.003167227]
                }
    
    }
}
