{
"TG":{
    "Jellinek 1949 HDPE":{ "units":["min","X"],
                 "X":[11.747226,31.658012,50.836292,62.23146,82.15487,99.23027,108.8336,10.709982,22.086222,39.15216,58.000465,96.77218,118.46533,140.86891,156.87868,170.02467],
                 "Y":[0.014011746,0.024015985,0.021326013,0.03717198,0.054448504,0.06821805,0.07505439,0.030422831,0.035360366,0.043675702,0.05554645,0.08469372,0.09825338,0.11178073,0.12559873,0.12681939]
                }
    }
}