{
"Gas_Yield":{
                "Amorim 1982":{ "units":["s","w%"],
                     "X":[1e8],
                     "Y":{
                          "C1-C8":[32.500454],
                          "C9":[28.441427],
                          "C12":[3.8292866],
                          "C15":[8.404029]
        
                        }                  
                }
            }
}
