{
"TG":{
    "Budrugeac 2009 HDPE":{ "units":["°C","X"],
                 "X":[395.30365,409.90753,419.4563,430.68484,446.9636,455.7465,462.47226,467.5088,472.53653,477.9283,480.15408,482.38022,484.79153,487.57913,489.62115,492.22708,494.4641,498.949,508.1208],
                 "Y":[0.0012679962,0.011082557,0.017221734,0.04265837,0.088637896,0.1525995,0.20689772,0.27442867,0.37208018,0.50588083,0.579402,0.65171844,0.731266,0.804794,0.86626476,0.92051333,0.9554803,0.9880646,1]
                },
    "Ceamanos 2002 HDPE":{ "units":["°C","%"],
                 "X":[360.76694	,388.9453	,405.2108	,419.41388	,442.31442	,451.92487	,461.0695	,468.82513	,473.83975	,477.7105	,481.5833	,487.745	,495.7489	,503.99393],
                 "Y":[100	,100	,97.24123	,96.88502	,94.8122	,89.31705	,78.69516	,62.75882	,47.0111	,32.210796	,16.274231	,6.787922	,1.4795784	,1.300681]
                }
    },
"DSC":{    
    "Budrugeac 2009 HDPE":{ "units":["°C","W/g"],
                 "X":[53.54299,72.250015,86.69992,100.291534,113.89039,124.927,131.69926,136.76218,137.5734,141.79791,147.79878,150.39362,154.67245,161.4918,187.86923,212.54091,245.73225,274.67554,312.99677,341.9473,372.59814,393.04712,405.83475,421.16107,435.6146,450.9192,460.25006,465.32745,472.10153,478.8756,486.51523,495.90222,501.0593,504.507,511.34808,519.88403,532.67163,547.15594],
                 "Y":[-0.044904817,-0.3226577,-0.63078576,-1.0616555,-1.3697182,-1.8310937,-2.4456513,-3.1828854,-3.8583894,-4.3806458,-3.644261,-2.9383166,-2.5395203,-2.3558323,-2.4499626,-2.6053658,-2.6079135,-2.4873273,-2.091144,-1.847751,-1.6351904,-1.2376353,-0.8701941,-0.7485629,-0.9952874,-1.2420772,-1.7647257,-2.2563457,-2.8402016,-3.4240575,-3.7623646,-3.3332586,-2.4740014,-1.7374207,-1.1853117,-0.75614035,-0.38869914,-0.11349384]
                }
      }
}
