{
"Gas_Yield":{
        "Amorim 1982 detailed":{ "units":["s","w%"],
                     "X":[1],
                     "Y":{
                          "C3":[25.2],
                          "C4":[0],
                          "C5":[8.5],
                          "C6":[4.4],
                          "C7":[0.6],
                          "C8":[1],
                          "C9":[32.4],
                          "C10":[2.1],
                          "C11":[0.3],
                          "C12":[3.9],
                          "C13":[1.5],
                          "C14":[0.4],
                          "C15":[9],
                          "C16":[2.7],
                          "C17":[2.6]         
                        }              
                },
        "Amorim 1982":{ "units":["s","w%"],
                     "X":[1e8],
                     "Y":{
                          "C1-C8":[40.06181],
                          "C9":[26.982922],
                          "C12":[3.8499658],
                          "C15":[7.7161975]        
                        }                  
                },
     "Park 2021 detailed":{ "units":["s","w%"],
                     "X":[1e8],
                     "Y":{
                          "C0-C5":[3.4],
                          "C6":[0.39],
                          "C7":[0.89],
                          "C8":[0.64],
                          "C9":[6.26],
                          "C10":[11.24],
                          "C11":[14.17],
                          "C12":[1.95],
                          "C13":[0.19],
                          "C14":[0.58],
                          "C15":[0.22],
                          "C16":[0.36],
                          "C18":[3.3],
                          "C19":[0.16],
                          "C20":[1.85],
                          "C21":[2.6],
                          "C22":[0.27],
                          "C25":[0.81],
                          "C28":[0.16],
                          "C32":[0.52],
                          "C35":[0.76]

                        }                  
                },
    "Park 2021":{ "units":["s","w%"],
                     "X":[1e8],
                     "Y":{
                          "C0-C5":[3.4],
                          "C6-C10":[19.42],
                          "C11-C20":[22.78],
                          "C20-C100":[54.4]

                        }                  
                },
    "Tree detailed":{ "units":["min","w"],
                 "X":[5],
                 "Y":{
                     "C1":[0.02419559153942],"C2":[0.0767072251827671],"C3":[0.231082272657329],"C4":[0.0754551751661871],"C5":[0.0310657223018199],"C6":[0.0980205361932992],"C7":[0.0180301781411678],"C8":[0.0463462820722579],"C9":[0.0493501540829037],"C10":[0.00913733286482346],"C11":[0.00764894690035683],"C12":[0.0163601003546458],"C13":[0.00861225865148969],"C14":[0.00476283532647494],"C15":[0.0375147482399105],"C16":[0.00913614275355114],"C17":[0.00609350697729885],"C18":[0.0115803484221215],"C19":[0.00791690641211982],"C20":[0.00554598993158595],"C21":[0.0227609035370586],"C22":[0.00163273380444571],"C23":[0.00118960193921136],"C24":[0.018669256411968],"C25":[0.00185933896808737],"C26":[0.000831326272246055],"C27":[0.0241634821573766],"C28":[0.00263402359231563],"C29":[0.00138967745202125],"C30":[0.0216254155808238],"C31":[0.00245885862188508],"C32":[0.00192565932875329],"C33":[0.0183416836952463],"C34":[0.00206118574437474],"C35":[0.00187847328924026],"C36":[0.0176317367253542],"C37":[0.00215491174571451],"C38":[0.00203824145237613],"C39":[0.0193147986370614],"C40":[0],"C41":[0],"C42":[0.0210777587809357],"C43":[0],"C44":[0],"C45":[0.0199703881686234],"C46":[0],"C47":[0],"C48":[0.0207998264380149],"C49":[0],"C50":[0],"C51":[0.0205168155594006],"C52":[0],"C53":[0],"C54":[0.0173742228658062],"C55":[0],"C56":[0],"C57":[0.0113415365757453],"C58":[0],"C59":[0],"C60":[0.00830531437319707],"C61":[0],"C62":[0],"C63":[0.00779052342337945],"C64":[0],"C65":[0],"C66":[0.00844271722627991],"C67":[0],"C68":[0],"C69":[0.00994664648083953],"C70":[0],"C71":[0],"C72":[0.0121042117809215]
                    }                
                },
    "Tree":{ "units":["min","w"],
                 "X":[5],
                 "Y":{
                     "C1":[0.02419559153942],"C2":[0.0767072251827671],"C3":[0.231082272657329],"C4":[0.0754551751661871],"C5":[0.0310657223018199],"C6":[0.0980205361932992],"C7":[0.0180301781411678],"C8":[0.0463462820722579],"C9":[0.0493501540829037],"C10":[0.00913733286482346],"C11":[0.00764894690035683],"C12":[0.0163601003546458],"C13":[0.00861225865148969],"C14":[0.00476283532647494],"C15":[0.0375147482399105],"C16":[0.00913614275355114],"C17":[0.00609350697729885],"C18":[0.0115803484221215],"C19":[0.00791690641211982],"C20":[0.00554598993158595],"C21":[0.0227609035370586],"C22":[0.00163273380444571],"C23":[0.00118960193921136],"C24":[0.018669256411968],"C25":[0.00185933896808737],"C26":[0.000831326272246055],"C27":[0.0241634821573766],"C28":[0.00263402359231563],"C29":[0.00138967745202125],"C30":[0.0216254155808238],"C31":[0.00245885862188508],"C32":[0.00192565932875329],"C33":[0.0183416836952463],"C34":[0.00206118574437474],"C35":[0.00187847328924026],"C36":[0.0176317367253542],"C37":[0.00215491174571451],"C38":[0.00203824145237613],"C39":[0.0193147986370614],"C40":[0],"C41":[0],"C42":[0.0210777587809357],"C43":[0],"C44":[0],"C45":[0.0199703881686234],"C46":[0],"C47":[0],"C48":[0.0207998264380149],"C49":[0],"C50":[0],"C51":[0.0205168155594006],"C52":[0],"C53":[0],"C54":[0.0173742228658062],"C55":[0],"C56":[0],"C57":[0.0113415365757453],"C58":[0],"C59":[0],"C60":[0.00830531437319707],"C61":[0],"C62":[0],"C63":[0.00779052342337945],"C64":[0],"C65":[0],"C66":[0.00844271722627991],"C67":[0],"C68":[0],"C69":[0.00994664648083953],"C70":[0],"C71":[0],"C72":[0.0121042117809215]
                    }                
                }
            }
}
