{
"TG":{
    "Kruse2002":{ "units":["min","X"],
                 "X":[0,10,30,60,90,120,180],
                 "Y":[0,0.05281526,0.1511059,0.3191986,0.5066354,0.63353187,0.715133]
                }
    },
"Gas_Yield":{
    "Kruse2002":{ "units":["min","w"],
                 "X":[0,10,30,60,90,120,180],
                 "Y":{
                   "C8H8":[0,0.028589074,0.092956364,0.21008866,0.3296285,0.4274502,0.4751782],
                   "C16H16":[0,0.007891777,0.029229708,0.03876711,0.045839787,0.040604774,0.023384616],
                   "C24H24":[0,0.006654642,0.029226525,0.07199788,0.11660902,0.14583555,0.16245836]
                   },
                "names":["C8H8","C16H16","C24H24"]
                }
    },
"MWn":{
    "Kruse2002":{ "units":["min","g/mol"],
                 "X":[0,10,30,60,90,120,180],
                 "Y":[98100,56454.746,30728.824,19388.363,15388.337,9693.391,6775.724]
                }
    },
"MWw":{
    "Kruse2002":{ "units":["min","g/mol"],
                 "X":[0,10,30,60,90,120,180],
                 "Y":[111800,86948.27,56139.965,36328.465,27528.803,19293.059,13551.844]
                }
    }
}