{
"TG":{    
    "Aboulkas 2010":{ "units":["K",""],
                 "X":[319.07654,409.4204,510.97662,614.4007,671.0959,714.07874,741.46326,752.6342,757.56946,763.1252,768.6815,774.2431,779.18414,794.7171,827.1087,850.78467],
                 "Y":[0.9932736,0.9963612,0.9927397,0.9857741,0.9789385,0.9587854,0.88191426,0.7683601,0.6414677,0.50789565,0.37599313,0.25744623,0.14557889,0.033682074,0.015227925,0.015162048]
                },
    "Jinno 2004":{ "units":["°C",""],
                 "X":[82.8923,202.49275,312.0026,411.40735,448.8318,468.94446,478.952,487.4833,496.02917,495.94403,503.04068,510.16223,517.3253,537.47327,576.376],
                 "Y":[1.010797,1.0159771,1.0156755,0.9906082,0.9381634,0.858218,0.753507,0.60196805,0.46971285,0.35676518,0.21349466,0.10328197,0.0481657,0.0150522785,0.012190281]
                }                                
    },
"DSC":{
    "Jinno 2004":{ "units":["°C","W/g"],
                 "X":[29.59075,51.14225,79.906654,117.31864,143.20535,158.9994,167.59717,177.74174,189.31477,218.13524,261.34412,308.8799,363.6141,401.06345,439.92883,457.14926,468.5915,480.0088,485.70187,494.27682,508.75037,508.83755,513.2683,516.25604,520.668,530.8209,542.38776,575.50397],
                 "Y":[-0.00918466166666667,-1.626983,-3.02961833333333,-4.37883183333333,-5.67353633333333,-7.12936083333333,-8.3692455,-6.86093166666667,-5.676021,-5.62368666666667,-6.11100583333333,-6.4907825,-7.03261116666667,-7.41184433333333,-8.437809,-10.2709255,-12.480945,-15.33762,-17.170115,-19.0027656666667,-17.33302,-15.0697333333333,-12.2678016666667,-9.51968,-7.20273783333333,-5.47887233333333,-4.45562583333333,-5.104065]
                }
                
      }  
}
