{
"TG":{
    "Kiang 1980 APP":{ "units":["min",""],
                 "X":[0.4557877,3.143634,4.080611,5.6429286,7.4474926,9.594672,14.303308,19.450384,24.385984],
                 "Y":[0.87769103,0.6492722,0.5661077,0.3598175,0.31775463,0.260177,0.20052233,0.15309711,0.08568819]
                }                                
    }
}