{
"Gas_Yield":{
                "Ballice 2002 detailed":{ "units":["s","w%"],
                     "X":[1e8],
                     "Y":{
                          "C1":[0.498061640294067],
                          "C2":[1.20280634569874],
                          "C3":[5.43758263999867],
                          "C4":[1.7657115729012],
                          "C5":[7.6948624810095],
                          "C6":[7.76453026363891],
                          "C7":[2.61006946312098],
                          "C8":[3.10358551557195],
                          "C9":[24.4217184643021],
                          "C10":[2.88975955327734],
                          "C11":[2.747548861457],
                          "C12":[8.95908007129926],
                          "C13":[10.7230296643325],
                          "C14-C100":[20.1816534630977]

                        }                  
                }
            }
}
