{
"TG":{
    "Jellinek 1949 HDPE":{ "units":["min","X"],
                 "X":[2.508664,7.369498,15.696994,24.396162,35.721893,43.090866,54.956924,69.441086,89.098015,110.00056,131.1944],
                 "Y":[0.089130364,0.20733124,0.2830956,0.3766945,0.4798639,0.5621846,0.62310755,0.6903545,0.745901,0.78026086,0.80161375]
                }
    }
}