{
"TG":{    
    "Wu 2015":{ "units":["°C",""],
                 "X":[194.51968,304.33347,398.42868,448.97623,471.6573,484.65833,492.80685,498.59158,506.9024,555.1319],
                 "Y":[0.9984983,0.9889624,0.9594119,0.861155,0.6883075,0.4982734,0.29101313,0.1183045,0.023272583,0]
                },
    "Zhang 2022":{ "units":["°C",""],
                 "X":[144.00749,226.4045,298.50186,363.1086,399.62546,429.588,444.56927,456.74158,464.2322,468.91385,475.46817,479.21347,482.02246,488.57678,490.44943,497.00375,506.36703,530.7116,568.1648],
                 "Y":[1,0.99789476,0.99157894,0.9873684,0.97052634,0.92210525,0.86526316,0.78105265,0.6884211,0.59157896,0.51578945,0.40210527,0.3031579,0.23578948,0.15368421,0.08,0.023157895,0.010526316,0.014736842]
                }                                
    },
"DSC":{
    "Zhang 2022":{ "units":["°C","W/g"],
                 "X":[59.82143,97.32143,132.14285,145.53572,158.03572,167.85715,182.14285,195.53572,213.39285,233.03572,265.17856,294.64285,320.5357,349.10715,377.67856,397.32144,413.39285,426.7857,435.7143,441.07144,443.75,449.10715,458.0357,463.39285,475,486.60715,487.5,490.17856,491.07144,492.85715,498.2143,501.7857,516.0714,526.7857,543.75,566.0714],
                 "Y":[-4.1490197,-3.9137254,-3.7568626,-3.7882352,-4.007843,-4.219608,-4.0392156,-3.7960784,-3.5607843,-3.3647058,-3.1294117,-2.9176471,-2.7294118,-2.509804,-2.3686275,-2.3843138,-2.572549,-2.9098039,-3.4588234,-3.9294116,-4.3137255,-4.5803924,-4.7137256,-4.4392157,-4.470588,-4.454902,-4.6588235,-4.9333334,-5.2078433,-4.4470587,-3.8666666,-3.427451,-2.7294118,-2.337255,-2.1254902,-2.235294]
                }
                
      }                                  
}
