{
"TG":{
    "Jellinek 1949 HDPE":{ "units":["min","X"],
                 "X":[5.7269044,16.433393,30.697275,42.11804,60.312336,75.6508,84.56335,90.27754,112.04321],
                 "Y":[0.030723337,0.046856243,0.052039854,0.06997393,0.08778512,0.10020574,0.10004406,0.114453405,0.14127044]
                }
    }
}