{
"Gas_Yield":{
    "Ballice 2002":{ "units":["s","w%"],
                     "X":[1e8],
                     "Y":{
                          "C1":[0.563764781310702],
                          "C2":[1.54148968300756],
                          "C3":[5.8739731359783],
                          "C4":[1.81914716802742],
                          "C5":[7.40967601293692],
                          "C6":[7.47883840953006],
                          "C7":[2.93455259061021],
                          "C8":[3.21312853550418],
                          "C9":[23.481932169106],
                          "C10":[2.79209580438703],
                          "C11":[3.14047646108975],
                          "C12":[8.94106253947501],
                          "C13":[11.5263157199457],
                          "C14-C100":[19.2835469890912]
                        }                  
                }
            }
}
