{
"TG":{
    "Budrugeac 2009 HDPE":{ "units":["min","X"],
                 "X":[25.195635,66.56176,88.15309,102.55737,132.5542,160.15079,196.74448,236.93745,278.93042,312.52148,349.71326,393.49902,452.27927,472.67084],
                 "Y":[0,0,0.02347877,0.07113857,0.13391508,0.19019443,0.2594499,0.33519736,0.41527537,0.46935952,0.534274,0.5969907,0.6791651,0.7029378]
                }
    }
}