{
"TG":{
    "Krishna2019":{ "units":["s",""],
                 "X":[0,9.856255,20.04749,29.90189,39.548706,50.465145,60.27873,69.72373,79.89765,100.05769,119.856575],
                 "Y":[1,0.83605385,0.69667786,0.38194913,0.23981479,0.10868274,0.06518352,0.05728786,0.032978926,0.025450215,0.004210605]
                }
    }
}