{
"Gas_Yield":{
                "Ballice 2002":{ "units":["s","w%"],
                     "X":[1e8],
                     "Y":{
                          "C1":[0.433368241323275],
                          "C2":[1.22816179068184],
                          "C3":[5.78346994744592],
                          "C4":[1.7324274438303],
                          "C5":[9.10833552556855],
                          "C6":[8.23931744495157],
                          "C7":[1.80161421406011],
                          "C8":[2.81328208474542],
                          "C9":[27.908057830775],
                          "C10":[2.23279664119213],
                          "C11":[2.44900574113493],
                          "C12":[8.089064488344],
                          "C13":[11.9938456674097],
                          "C14-C100":[16.1872529385372]

                        }                  
                }
            }
}
