{
"TG":{
    "Ballice 2002":{ "units":["°C",""],
                 "X":[253.92393,328.732,402.38104,424.44098,441.32,446.0705,454.30188,463.05487,483.4155,503.15067],
                 "Y":[0.9960223,0.99303895,0.9884246,0.9364444,0.8014749,0.559088,0.31345984,0.19472972,0.054892212,0.014291724]
                }
    }
}