{
"TG":{
    "Jellinek 1949 HDPE":{ "units":["min","X"],
                 "X":[8.230042,18.25022,31.136389,37.568672,42.232426,52.23608,55.447136,61.177853,65.11844,80.48995,91.2244,95.52276,104.45437,111.252045,115.898,118.76908,130.91429,138.76622,154.85963,170.19302,177.68846],
                 "Y":[0.041562684,0.095804684,0.16995008,0.1916029,0.2332432,0.26390186,0.26747185,0.30546454,0.33260494,0.39219224,0.44823542,0.47718346,0.5042333,0.5385784,0.55482125,0.58198106,0.6162291,0.62878555,0.7010586,0.70622283,0.71878576]
                }
    }
}