{
"TG":{
    "Aboulkas 2010":{ "units":["K",""],
                 "X":[332.15805,418.1386,534.6494,623.1183,674.8116,707.1443,720.7537,726.91437,736.18964,742.38007,764.17975,796.5759],
                 "Y":[0.9865594,0.98465073,0.98432654,0.97239417,0.9204972,0.75012267,0.49799684,0.31767836,0.13568178,0.032158244,0.013733563,0.0069655967]
                },
    "Ballice 2002":{ "units":["°C",""],
                 "X":[252.7604,351.3502,400.0637,420.37723,430.8632,436.13156,446.09366,453.14883,461.33163,473.5483,489.23016],
                 "Y":[1.0041524,0.9882401,0.98353565,0.94619095,0.84210896,0.7347544,0.50865495,0.29881382,0.15893227,0.07437902,0.020748891]
                },
    "Dawood 2001":{ "units":["°C",""],
                 "X":[367.3055,398.94305,423.79315,444.79666,454.8429,463.81287,471.38715,479.5749,490.07297],
                 "Y":[0.99832237,0.9778885,0.92517203,0.73604345,0.55245835,0.32151118,0.17198573,0.06792253,0.01691877]
                },
    "Farhat Ali 2011":{ "units":["°C",""],
                 "X":[224.94508,314.67078,360.33362,405.98938,438.83392,447.23535,457.71835,460.8031,466.99374,470.58597,475.7617,484.11145,489.8322,499.7819,513.5165,535.8122],
                 "Y":[1.0001786,0.99360377,0.9929362,0.9870057,0.9303867,0.8600904,0.75818545,0.6827038,0.5475292,0.45449677,0.3544238,0.24553274,0.15597783,0.052326392,0,0]
                },
    "Jinno 2004":{ "units":["°C",""],
                 "X":[42.536182,121.795044,185.19965,263.01135,320.63776,362.4057,402.69125,422.77277,437.0802,445.62607,454.19476,458.42615,462.6617,466.9118,476.9588,502.89117,557.6461],
                 "Y":[0.99713403,1.007935,1.01327,1.0158105,1.0018775,0.97696906,0.8969681,0.7757004,0.6406745,0.5084193,0.40646708,0.28524306,0.16952866,0.07309802,0.020728638,0.015147545,0.014996706]
                },
    "Marcilla 2003":{ "units":["K",""],
                 "X":[447.4474,556.9595,609.9183,660.3071,692.71564,717.4478,727.798,734.01324,740.24634,744.405,746.50323,767.0945],
                 "Y":[1.0092914,1.0079733,1.0009542,0.9921083,0.94325346,0.79635996,0.61128867,0.4860898,0.3118891,0.18668091,0.07235268,0.0016655858]
                },
    "Martinez 2017":{ "units":["°C",""],
                 "X":[280.00574,329.50357,369.97556,392.66983,413.991,426.01358,438.8446,445.65924,451.92545,458.73608,464.72757,472.63187,481.36978,499.69122,519.38074],
                 "Y":[0.9985381,0.99432933,0.9835116,0.9621344,0.9101781,0.8556035,0.7371955,0.6188141,0.49245647,0.3527985,0.2197931,0.0788005,0.0082829865,0.0015528327,0]
                },
    "Nguyen 2021":{ "units":["°C",""],
                 "X":[97.27273,180.90909,280,360.9091,410,440,455.45456,467.27274,474.54544,479.0909,484.54544,490,496.36365,508.18182,538.1818,571.8182],
                 "Y":[1.0031847,1.0031847,1.0095541,1.0031847,1,0.977707,0.9235669,0.8057325,0.6751592,0.5191083,0.39171976,0.23248407,0.12738854,0.05414013,0.041401275,0.041401275]
                },
    "Ranzi 1997":{ "units":["°C",""],
                 "X":[376.55914,394.2473,400.7706,407.16846,414.44446,425.1075,435.39426,443.17206,449.94623,457.4731,464.37277,475.4122],
                 "Y":[0.97626114,0.93916917,0.9243323,0.90059346,0.8679525,0.77002966,0.6097923,0.40356082,0.20623146,0.07121662,0.007418398,0]
                },
    "Rychly 1987":{ "units":["K",""],
                 "X":[605.9,617.7,629.4,641.9,653.5,664.2,676.7,689.8,701.2,712.6,725.7,739.5],
                 "Y":[0.9868,0.9816,0.9763,0.9683,0.95,0.9289,0.8921,0.8342,0.7553,0.6262,0.421,0.1737]
                },
    "Rychly 1987 air":{ "units":["K",""],
                 "X":[507.8,519.8,531.3,543.5,555.8,567.1,579.2,591,603.7,617.3,629.9,644.2,658.5],
                 "Y":[0.99,0.98,0.965,0.9475,0.9225,0.895,0.86,0.82,0.77,0.7075,0.625,0.52,0.38]
                },
    "Wu 2015":{ "units":["°C",""],
                 "X":[181.23982,295.87698,364.636,405.5784,433.1203,444.95605,455.53918,461.34885,470.77502,477.8873],
                 "Y":[0.9957298,0.9832765,0.9596897,0.8960441,0.74617805,0.5849304,0.3920385,0.23659576,0.078245625,0]
                },
    "Zhang 2022":{ "units":["°C",""],
                 "X":[117.79026,178.65169,243.25842,291.94757,330.33707,362.17227,385.58054,404.30713,419.2884,433.33334,439.88763,444.56927,449.25095,452.05994,459.55057,462.35956,469.8502,483.89514,512.9213],
                 "Y":[0.99789476,0.99789476,0.99578947,0.9873684,0.97894734,0.97052634,0.9494737,0.9073684,0.8294737,0.72842103,0.6189474,0.511579,0.39789474,0.29263157,0.17473684,0.08,0.018947368,0.002105263,0.004210526]
                }                                  
    },
"DSC":{
    
    "Farhat Ali 2011":{ "units":["°C","W/g"],
                 "X":[212.64609,234.7119,254.40163,270.47107,285.76093,304.69608,325.2486,345.79694,363.9234,386.4955,405.40985,419.46384,433.08228,444.23724,453.34763,462.40393,470.29926,476.0099,481.7913,488.0082,492.57034,498.79144,504.64774],
                 "Y":[-0.24839105,-0.41024363,-0.47142202,-0.531566,-0.5248238,-0.4524594,-0.35833588,-0.27532178,-0.21383695,-0.09806926,-0.08125191,-0.15193073,-0.3113699,-0.6034324,-0.9837956,-1.508581,-1.9108182,-1.7013484,-1.3030187,-0.8159286,-0.4505823,0.047617223,0.64591634]
                },
    "Jinno 2004":{ "units":["°C","W/g"],
                 "X":[39.67511,77.116165,127.53588,154.90712,169.2914,173.63077,179.40274,212.54803,251.44455,298.99695,342.21207,381.1169,415.68234,438.72046,456.00317,467.55338,476.21756,493.5086,549.6941,621.7234],
                 "Y":[-0.0636159833333333,-0.65840045,-0.984444833333333,-1.14758356666667,-1.7950135,-1.36414416666667,-1.1489035,-1.04291391666667,-1.26056155,-1.20923616666667,-1.53489216666667,-1.53698866666667,-1.96995466666667,-2.40229916666667,-2.61878216666667,-2.02663766666667,-1.54211366666667,-1.54304533333333,-1.8155125,-2.25049716666667]
                },
    "Zhang 2022":{ "units":["°C","W/g"],
                 "X":[80.35714,124.10714,144.64285,154.46428,162.5,169.64285,183.03572,203.57143,241.96428,282.14285,324.10715,358.92856,390.17856,417.85715,433.0357,446.42856,457.14285,465.17856,469.64285,475,481.25,490.17856,508.0357,526.7857,550,575],
                 "Y":[-2.3215687,-2.3921568,-2.454902,-2.6352942,-2.792157,-2.6509805,-2.4862745,-2.447059,-2.517647,-2.619608,-2.7764707,-2.9490197,-3.2313726,-3.5764706,-3.9215686,-4.27451,-4.407843,-4.211765,-3.8745098,-3.5843136,-3.380392,-3.2392156,-3.3490195,-3.5215685,-3.7098038,-3.8823528]
                }
                
      }  
}
