{
"TG":{
    "Al-Salem 2010 HDPE":{ "units":["s","%"],
                 "X":[0	,0.9450214	,13.621179	,19.935225	,28.702194	,40.844864	,63.727173	,90.50834],
                 "Y":[100	,90.12636	,84.680626	,74.29952	,67.71538	,47.839344	,27.707878	,5.423686]
                }
    },
"Gas_Yield":{
    "Eschenbacher 2022 LDPE":{ "units":["min","w%"],
                 "X":[32],
                 "Y":{
                    "CH4":[0.2],
                    "C2H4":[1.0],
                    "C3H6":[1.1],
                    "C4":[0.8],
                    
                    "C5-C11":[13.1],
                    "C12-C20":[24.0],
                    "C21-C100":[59.8]
                    },
                "names":["CH4","C2H4","C3H6","C4","Oil","Diesel","Waxes"]                   
                },
    "Al-Salem 2010 HDPE":{ "units":["s","w%"],
                 "X":[100000],
                 "Y":{
                    "C0-C4":[32.8],
                    "C5-C11":[8],
                    "C12-C100":[58.2]
                    },
                "names":["Gases","Oil","Diesel-Waxes"]                        
                },
    "Elordi 2011 HDPE":{ "units":["s","w%"],
                 "X":[100000],
                 "Y":{
                     "CH4":[0.02],
                     "C2":[0.3],
                     "C3":[0.99],
                     "C4":[1.11],                      
                     "C5-C11":[8.149781],
                     "C12-C20":[28.439497],
                     "C21-C100":[61.0052]
                    },
                "names":["CH4","C2","C3","C4","Oil","Diesel","Waxes"]                     
                },
    "Tree HDPE detailed":{ "units":["min","w"],
                 "X":[30],
                 "Y":{
                     "C1":[0.00361067056650931],"C2":[0.0184921662812197],"C3":[0.0184984727371037],"C4":[0.0163378041830877],"C5":[0.0140318743364723],"C6":[0.024157257444827],"C7":[0.0162119974492917],"C8":[0.0103060978271962],"C9":[0.00970443873957149],"C10":[0.0145982713142697],"C11":[0.0129541655178783],"C12":[0.00748062250872915],"C13":[0.00923673266855586],"C14":[0.0134778737235992],"C15":[0.0112259961986585],"C16":[0.0110690102940531],"C17":[0.0112278914853032],"C18":[0.0122215001075713],"C19":[0.0125804451179204],"C20":[0.0130076130168463],"C21":[0.0132240214973267],"C22":[0.013990153905158],"C23":[0.0144095872593762],"C24":[0.0151464504191165],"C25":[0.0155362604397508],"C26":[0.0167102098888291],"C27":[0.017521505808528],"C28":[0.0177991297892229],"C29":[0.0178226140622062],"C30":[0.018344327326637],"C31":[0.0186453096221756],"C32":[0.0186907386450515],"C33":[0.0187051262400136],"C34":[0.0186392060376118],"C35":[0.0183079786654987],"C36":[0.0184676898209416],"C37":[0.0180702461632562],"C38":[0.0178065582077723],"C39":[0.0177374829351209],"C40":[0.017396273520462],"C41":[0.0167952034313742],"C42":[0.0164115238913955],"C43":[0.0156726930329141],"C44":[0.0148853366054651],"C45":[0.0143973600335643],"C46":[0.0135778292237698],"C47":[0.012599204068701],"C48":[0.0120759271519098],"C49":[0.0109196164715369],"C50":[0.00977742675948337],"C51":[0.00866003651593178],"C52":[0.00775298994864009],"C53":[0.00637199255176016],"C54":[0.00526115719909012],"C55":[0.00475067850958687],"C56":[0.00399313357162981],"C57":[0.00265032871981605],"C58":[0.00229719687294901],"C59":[0.00222114487644351],"C60":[0.00131171720817379],"C61":[0.000563998661876008],"C62":[0.000194899215566532]
                    }                
                }
    }
}
