{
"TG":{
    "Bockhorn1998":{ "units":["min","X"],
                 "X":[2.1160822, 3.808948, 5.92503, 10.157195, 14.812575, 19.891172, 25.392986, 44.437725, 78.295044],
                 "Y":[0.10344828, 0.24551724, 0.4413793, 0.5848276, 0.7337931, 0.8413793, 0.9186207, 0.977931, 0.99310344]
                }
    }    
}