{
"TG":{
    "Day 1984":{ "units":["s","X%"],
                 "X":[10],
                 "Y":[20.183247]
                }
    },
    
"Gas_Yield":{
    "Day 1984":{ "units":["s","w%"],
                 "X":[10],
                 "Y":{
"CO":[1.94171891666667],
"CO2":[5.39263839583333],
"CH4":[0.0197064141666667],
"C2H4":[1.16305447916667],
"CH3CHO":[5.18056733333333],
"C6H6":[0.1451588125],
"BA":[3.31857315104167],
"VB":[2.0439146875],
"DVT":[4.92563619791667],
"EGDB":[0.673798989479167]
                    },
                "names":["CO","CO2","CH4","C2H4","CH3CHO","MAH","BA","VB","DVT","EGDB"]
                  }
             }  
}
