{
"TG":{
    "Kruse2002":{ "units":["min","X"],
                 "X":[0,1,2,3,5],
                 "Y":[0,0.015384615,0.24923077,0.58153844,0.82153845]
                }
    },
"Gas_Yield":{
    "Kruse2002":{ "units":["min","w"],
                 "X":[0,1,2,3,5],
                 "Y":{
                   "C8H8":[0,0.015384615,0.18461539,0.42461538,0.61230767],
                   "C16H16":[0,0.0063433223,0.03823875,0.10108724,0.1501592],
                   "C24H24":[0,0.006345933,0.029720945,0.039166752,0.04876266]
                   },
                "names":["C8H8","C16H16","C24H24"]
                }
    },
"MWn":{
    "Kruse2002":{ "units":["min","g/mol"],
                 "X":[0,1,2,3,5],
                 "Y":[98100,52358.492,20660.377,11886.792,7641.5093]
                }
    },
"MWw":{
    "Kruse2002":{ "units":["min","g/mol"],
                 "X":[0,1,2,3,5],
                 "Y":[111800,80660.375,38207.547,22358.49,13018.868]
                }
    }
}