{
"Gas_Yield":{
    "Amorim1981":{ "units":["s","w%"],
                 "X":[1],
                 "Y":{
                    "C2H4+C3H6+C4H8":[0],
                    "C6H6":[0],
                    "C7H8":[0.66],
                    "C8H8":[82.7],
                    "C8H10":[0.2],
                    "C9H10":[0],
                    
                    "C15H16":[0.3],
                    
                    "C16H16":[4.6],
                    
                    "C24H24":[9.2]

                    },
                "names":["LO","C6","C7H8","C8H8","C8H10","C9H10","C15","C16","C24"]
                },    
    "Yang1998":{ "units":["s","w%"],
                 "X":[3],
                 "Y":{
                    "C8H8":[65.008575],	"C16H16":[4.157969],	"C24H24":[3.5691319]
                    },
                "names":["C8H8","C16H16","C24H24"]
                }      
                    
     }
}            