{
"TG":{
    "Kim2003":{ "units":["°C","X"],
                 "X":[360.24844, 376.77338, 385.37808, 391.21075, 395.82748, 400.42484, 403.13913, 407.40674, 412.02026, 416.29758, 421.78958, 431.93228, 442.42816, 454.47736],
                 "Y":[0.006810164, 0.009953317, 0.01859367, 0.08932787, 0.19817445, 0.37481764, 0.5147012, 0.6404903, 0.7606363, 0.85252714, 0.91054285, 0.95876104, 0.97591245, 0.9789694]
                },
    "Wu1993":{ "units":["K",""],
                 "X":[534.25946,573.19214,596.9961,620.14264,631.9566,644.2346,655.8923,663.3301,672.5448,679.70264,691.95215],
                 "Y":[1.000611,0.9829863,0.9735461,0.94155884,0.8840197,0.78282624,0.57457834,0.35217148,0.13542978,0.044005446,0.0076009645]
                }
    },
"Gas_Yield":{
    "Kim2003":{ "units":["min","w"],
                 "X":[1e8],
                 "Y":{                
"C6H6+C6H4":[0.009605412],
"C7H8":[0.04806719],
"C8H8":[0.40417737],
"C9H12+C9H10":[0.07798225],
"C15H16":[0.01025668],
"C16H18+C16H16+C16H14":[0.3126142],
"C24H26+C24H24+C24H22":[0.07717048]
                        },
                "names":["C6","C7H8","C8H8","C9","C15","C16","C24"]    
            }
    }
}