{
"TG":{
    "Brems 2011":{ "units":["°C","%"],
                 "X":[300,311.283185840708,327.87610619469,338.495575221238,355.088495575221,365.04424778761,378.982300884955,394.247787610619,400.221238938053,408.185840707964,414.159292035398,424.778761061946,431.415929203539,436.725663716814,443.362831858407,447.345132743362,453.982300884955,458.62831858407,465.265486725663,469.247787610619,475.884955752212,487.16814159292,503.761061946902,527.654867256637,547.566371681416,568.805309734513,593.362831858407,610.619469026548],
                 "Y":[99.3808049535603,99.6904024767801,98.7616099071207,99.3808049535603,98.7616099071207,99.3808049535603,99.3808049535603,98.7616099071207,96.9040247678018,94.4272445820433,90.7120743034055,84.8297213622291,78.0185758513931,71.8266253869969,64.0866873065015,57.5851393188854,51.0835913312693,41.4860681114551,32.8173374613003,25.6965944272445,18.5758513931888,11.7647058823529,9.59752321981423,8.35913312693499,8.9783281733746,8.6687306501548,7.73993808049534,7.73993808049534]
                }
    }
}
