{
"TG":{
    "Aboulkas 2010 HDPE":{ "units":["K","%"],
                 "X":[333.87817	,375.35608	,455.45386	,521.96326	,582.0355	,620.65625	,659.2838	,686.4761	,696.5144	,710.15906	,715.9288	,720.985	,726.793	,734.0049	,738.3426	,744.08673	,762.68365],
                 "Y":[99.821106	,99.83422	,99.29029	,98.931816	,98.76106	,98.01426	,95.749435	,91.96296	,86.08378	,73.3746	,62.56047	,51.366608	,32.01358	,18.543354	,8.108279	,2.986749	,2.2336159]
                },    
    "Wu 1993 HDPE":{ "units":["K",""],
                 "X":[607.96576,644.29895,659.1971,670.7001,683.0968,694.3598,703.57495,715.6808,724.14844,728.35474,735.94086,743.579,753.4998],
                 "Y":[0.9918456,0.97281134,0.9722282,0.95416576,0.9184561,0.8730061,0.7963257,0.6353846,0.42370605,0.26503107,0.09448231,0.023734324,0.0018199407]
                }
    }
}