{
"Gas_Yield":{    
    "Yang1998":{ "units":["s","w%"],
                 "X":[3],
                 "Y":{
                    "C8H8":[6.1749573],	"C16H16":[0.080558315],	"C24H24":[0.25723472]
                    },
                "names":["C8H8","C16H16","C24H24"]
                }                        
     }
}            