{
"TG":{
    "Kruse2002":{ "units":["min","X"],
                 "X":[0,120,240,360],
                 "Y":[0,0.045412086,0.06789114,0.09311902]
                }
    },
"Gas_Yield":{
    "Kruse2002":{ "units":["min","w"],
                 "X":[0,120,240,360],
                 "Y":{
                 "C8H8":[0,0.024772719,0.03853587,0.05275418],
                 "C16H16":[0,0.00944942,0.015183243,0.021192295],
                 "C24H24":[0,0.011101161,0.0142192105,0.017890273]
                    },
                "names":["C8H8","C16H16","C24H24"]
                }
    },
"MWn":{
    "Kruse2002":{ "units":["min","g/mol"],
                 "X":[0,120,240,360],
                 "Y":[50550,33254.676,32018.484,30357.072]
                }
    },
"MWw":{
    "Kruse2002":{ "units":["min","g/mol"],
                 "X":[0,120,240,360],
                 "Y":[57007.125,48504.86,47126.926,45323.777]
                }
    }
}