{
"TG":{
    "Kiang 1980 APP":{ "units":["°C",""],
                 "X":[245.55556,291.90475,354.12698,390.9524,413.8095,433.49207,445.55554,466.50793],
                 "Y":[1,0.9929245,0.9410377,0.8042453,0.6014151,0.3514151,0.15801887,0.009433962]
                }                                
    }
}