{
"Gas_Yield":{
                "Ballice 2002":{ "units":["s","w%"],
                     "X":[1e8],
                     "Y":{
                          "C1":[0.425522852964144],
                          "C2":[1.0626424941047],
                          "C3":[5.457724305506],
                          "C4":[1.41511758472235],
                          "C5":[8.29196604910736],
                          "C6":[8.00732080372247],
                          "C7":[2.68786599099982],
                          "C8":[2.94267833008244],
                          "C9":[25.9430127731077],
                          "C10":[3.11105946808665],
                          "C11":[1.76284041501652],
                          "C12":[8.3562556718357],
                          "C13":[11.1206161391176],
                          "C14-C100":[19.4153771216265]
                        }                  
                }
            }
}
