{
"TG":{
    "Kiang 1980":{ "units":["min",""],
                 "X":[1.2328159,1.9703989,3.8657799],
                 "Y":[0.582593,0.4578092,0.20327196]
                }                                    
    },
    
"Gas_Yield":{
        "Kiang 1980":{ "units":["min","w%"],
                     "X":[1,2,4],
                     "Y":{
                          "CH4":[0.08,0.08,0.1],
                          "C2H6":[1.3,1.2,1],
                          "C3H6":[9.7,11,10],
                          "IC4H8":[2,2.6,2.5],
                          "C5H10":[15,15,14],
                          "IC6H12":[9.4,10,9.4],
                          "IC7H12":[1.4,1.8,2.1],
                          "IC9H18":[41,40,30],
                          "IC10H20":[2.2,1.8,2.1],
                          "IC11H22":[1.5,1.5,1.5],
                          "IC12H24":[10,9.4,9.7],
                          "IC13H24":[1.6,1.6,1.8]
                        }                  
                }
            }
}
