{
"TG":{
    "Amorim 1982":{ "units":["min","X"],
                 "X":[9.965781,15.321416,25.311293,33.84487,45.291634,53.581024,65.496765,75.71026,90.279724,105.0828,124.96911],
                 "Y":[0.0720716,0.13298118,0.27086335,0.4039535,0.5482329,0.6765115,0.7774444,0.86395836,0.9295355,0.97103167,0.99157935]
                }
    }
}