{
"TG":{
    "Bouster1980 EPS":{ "units":["h","X"],
                 "X":[0.0084668,0.14902723,0.28199524,0.43030643,0.5865091,0.7663159,0.9384072,1.0634925,1.2985487,1.4629948,1.8000336,2.1057968,2.6156833,3.01574,3.3374004],
                 "Y":[0.07343748,0.17517923,0.23958082,0.35548696,0.46495685,0.56541824,0.64656514,0.7161154,0.7702355,0.82176745,0.8810564,0.92360157,0.9533088,0.9778457,0.9907803]
                }
    }
}