{
"TG":{
    "Jellinek 1949 HDPE":{ "units":["min","X"],
                 "X":[3.6057465,23.960075,36.084595,47.841286,63.914143,84.94419,111.7018,126.65855,133.81326,145.95355,154.85909,163.41887,178.74344],
                 "Y":[0.030745756,0.091639854,0.11836196,0.13782792,0.18800734,0.22887036,0.29492804,0.31606677,0.344833,0.38064545,0.39478636,0.41439766,0.4427925]
                }
    }
}