{
"TG":{
    "Mazloum 2021 HDPE":{ "units":["°C",""],
                 "X":[375.9312,405.8627,433.11044,452.304,459.22232,464.22876,467.7,470.78516,472.72296,476.19214,477.3551,480.44733,482.76324,486.23035,491.9963,505.0449],
                 "Y":[1,0.996854091025977,0.98072716583154,0.941872696613733,0.880276961368095,0.781379965092559,0.684099487879175,0.599789930614629,0.494396848178292,0.408467051291849,0.343609662522361,0.220383468666138,0.14580064828104,0.0712215484556888,0.016108258248124,0.00642140080468958]
                }
    },
"DSC":{
    
    "Mazloum 2021 HDPE":{ "units":["°C","W/g"],
                 "X":[29.09836,43.442623,62.568306,87.84153,107.650276,121.31148,128.82513,128.82513,132.9235,137.02185,139.7541,142.48634,143.85246,144.53552,147.26776,148.63388,158.19672,189.6175,236.74863,287.97815,328.96176,359.0164,385.65573,413.6612,439.6175,452.59564,460.79236,467.62296,474.45355,479.91803,488.11475,491.53006,492.89618,495.62842,496.99454,500.40985],
                 "Y":[-0.1103835858052,-0.278166634221006,-0.326735406843487,-0.326735406843487,-0.392965576176369,-0.560748652482428,-0.724116311279767,-0.883068719909903,-1.09942055210429,-1.24071151382157,-1.33784908137874,-1.19214275793324,-1.02435973740769,-0.84333057591699,-0.635809439288776,-0.463611084925263,-0.348812142969899,-0.326735406843487,-0.331150762993651,-0.335566096831612,-0.331150762993651,-0.322320067427476,-0.379719546772233,-0.397380915592381,-0.463611084925263,-0.587240655510194,-0.768269789110641,-0.975790925738855,-1.12149724918435,-1.26720357262984,-1.05968246389188,-0.821253878836932,-0.560748652482428,-0.335566096831612,-0.145706340179647,-0.00883068719909903]
                }
      }
}