{
"TG":{
    "Jellinek 1949 HDPE":{ "units":["min","X"],
                 "X":[5.127542,10.251929,20.654018,28.563316,35.8032,51.260277,63.86619,77.52512,99.28768,128.16394,151.65208],
                 "Y":[0.08885947,0.17590086,0.23361091,0.28779784,0.365652,0.47040588,0.5698347,0.6619428,0.71550006,0.7741885,0.7985759]
                }
    }
}