{
"TG":{
    "Ballice 2002 APP":{ "units":["°C",""],
                 "X":[251.46048,351.44412,409.14957,429.25266,439.4796,448.47604,455.83002,468.371,477.51636,497.70917],
                 "Y":[0.99447775,0.9805851,0.89738864,0.78860724,0.6377759,0.4237438,0.2875265,0.13829453,0.050685328,0.018081827]
                }                                
    }
}