{
"TG":{
    "Amorim 1982":{ "units":["°C","X"],
                 "X":[360.48486,370.9091,379.39395,389.33334,398.42426,404.48486,409.9394,415.27274,419.75757,424.60605,431.39395],
                 "Y":[0.004830918,0.024154589,0.056360707,0.1594203,0.34138486,0.5185185,0.71014494,0.8599034,0.94041866,0.98228663,1]
                }
    }
}