{
"TG":{
    "Woo1998":{ "units":["min","X"],
                 "X":[5,10,20,30,60,120,180],
                 "Y":[0.027207527,0.045326825,0.08951456,0.12803134,0.21628432,0.39962485,0.527267]
                }
    },
"Gas_Yield":{
    "Woo1998":{ "units":["min","w"],
                 "X":[5,10,20,30,60,120,180],
                 "Y":{
                    "C8H8":[0.016074875,0.035652976,0.059710003,0.08613744,0.1387246,0.265894,0.29941905]
                     },
                "names":["C8H8"]
              }
    },
"MWn":{
    "Woo1998":{ "units":["min","g/mol"],
                 "X":[0,5,10,20,30,60,120,180],
                 "Y":[5160,3069.0635,2195.5789,1545.127,1203.4229,623.9135,277.72852,240.11795]
                }
    },
"MWw":{
    "Woo1998":{ "units":["min","g/mol"],
                 "X":[0,5,10,20,30,60,120,180],
                 "Y":[5850,5503.5464,5384.181,5282.364,5095.0625,4378.4087,2266.4348,805.77985]
                }
    }
}