{
"TG":{
    "Day 1984":{ "units":["s","X%"],
                 "X":[10],
                 "Y":[84.799126]
                }
    },
    
"Gas_Yield":{
    "Day 1984":{ "units":["s","w%"],
                 "X":[10],
                 "Y":{
"CO":[10.5923307291667],
"CO2":[13.0263796666667],
"CH4":[0.389379583333333],
"C2H4":[4.01335675],
"CH3CHO":[4.66468039583333],
"C6H6":[1.52893251875],
"BA":[10.28760234375],
"VB":[9.99961460416667],
"DVT":[15.2304053645833],
"EGDB":[3.628148303125]

                    },
                "names":["CO","CO2","CH4","C2H4","CH3CHO","MAH","BA","VB","DVT","EGDB"]
                  }
             }  
}
