{
"TG":{
    "Bockhorn1998":{ "units":["min","X"],
                 "X":[1.6928657, 3.808948, 5.92503, 12.273277, 16.082226, 21.584038, 27.932285, 36.396614, 57.557438, 84.64329],
                 "Y":[0.04, 0.2, 0.39034483, 0.5131034, 0.63448274, 0.76, 0.8703448, 0.9337931, 0.98344827, 0.99172413]
                }
    }
}