{
"Gas_Yield":{
     "Park 2021 detailed":{ "units":["s","w%"],
                     "X":[1e8],
                     "Y":{
                          "C0-C5":[2.5],
                          "C6":[0.36],
                          "C7":[0.78],
                          "C8":[0.76],
                          "C9":[6.55],
                          "C10":[12.32],
                          "C11":[14.89],
                          "C12":[1.99],
                          "C13":[0.3],
                          "C14":[0.62],
                          "C15":[0.23],
                          "C16":[0.37],
                          "C18":[3.46],
                          "C19":[0.18],
                          "C20":[1.4],
                          "C21":[2.79],
                          "C22":[0.3],
                          "C25":[0.9],
                          "C28":[0.12],
                          "C32":[0.53],
                          "C35":[0.76]
                                   
                        }                  
                },
    "Park 2021":{ "units":["s","w%"],
                     "X":[1e8],
                     "Y":{
                          "C0-C5":[2.5],
                          "C6-C10":[20.77],
                          "C11-C20":[23.44],
                          "C20-C100":[53.29]
                                   
                        }                  
                },
    "Tree detailed":{ "units":["min","w"],
                 "X":[30],
                 "Y":{
                     "C1":[0.00266647355380433],"C2":[0.0113406435466569],"C3":[0.0545874107063487],"C4":[0.0107613206436417],"C5":[0.0367109893859348],"C6":[0.0316328448230861],"C7":[0.0103239049070376],"C8":[0.00837595943271296],"C9":[0.119467532703071],"C10":[0.00913733286482346],"C11":[0.00764894690035683],"C12":[0.0163601003546458],"C13":[0.00861225865148969],"C14":[0.00476283532647494],"C15":[0.0375147482399105],"C16":[0.00913614275355114],"C17":[0.00609350697729885],"C18":[0.0115803484221215],"C19":[0.00791690641211982],"C20":[0.00554598993158595],"C21":[0.0227609035370586],"C22":[0.00163273380444571],"C23":[0.00118960193921136],"C24":[0.018669256411968],"C25":[0.00185933896808737],"C26":[0.000831326272246055],"C27":[0.0241634821573766],"C28":[0.00263402359231563],"C29":[0.00138967745202125],"C30":[0.0216254155808238],"C31":[0.00245885862188508],"C32":[0.00192565932875329],"C33":[0.0183416836952463],"C34":[0.00206118574437474],"C35":[0.00187847328924026],"C36":[0.0176317367253542],"C37":[0.00215491174571451],"C38":[0.00203824145237613],"C39":[0.0193147986370614],"C40":[0],"C41":[0],"C42":[0.0210777587809357],"C43":[0],"C44":[0],"C45":[0.0199703881686234],"C46":[0],"C47":[0],"C48":[0.0207998264380149],"C49":[0],"C50":[0],"C51":[0.0205168155594006],"C52":[0],"C53":[0],"C54":[0.0173742228658062],"C55":[0],"C56":[0],"C57":[0.0113415365757453],"C58":[0],"C59":[0],"C60":[0.00830531437319707],"C61":[0],"C62":[0],"C63":[0.00779052342337945],"C64":[0],"C65":[0],"C66":[0.00844271722627991],"C67":[0],"C68":[0],"C69":[0.00994664648083953],"C70":[0],"C71":[0],"C72":[0.0121042117809215]
                    }                
                },
    "Tree":{ "units":["min","w"],
                 "X":[30],
                 "Y":{
                     "C1":[0.00266647355380433],"C2":[0.0113406435466569],"C3":[0.0545874107063487],"C4":[0.0107613206436417],"C5":[0.0367109893859348],"C6":[0.0316328448230861],"C7":[0.0103239049070376],"C8":[0.00837595943271296],"C9":[0.119467532703071],"C10":[0.00913733286482346],"C11":[0.00764894690035683],"C12":[0.0163601003546458],"C13":[0.00861225865148969],"C14":[0.00476283532647494],"C15":[0.0375147482399105],"C16":[0.00913614275355114],"C17":[0.00609350697729885],"C18":[0.0115803484221215],"C19":[0.00791690641211982],"C20":[0.00554598993158595],"C21":[0.0227609035370586],"C22":[0.00163273380444571],"C23":[0.00118960193921136],"C24":[0.018669256411968],"C25":[0.00185933896808737],"C26":[0.000831326272246055],"C27":[0.0241634821573766],"C28":[0.00263402359231563],"C29":[0.00138967745202125],"C30":[0.0216254155808238],"C31":[0.00245885862188508],"C32":[0.00192565932875329],"C33":[0.0183416836952463],"C34":[0.00206118574437474],"C35":[0.00187847328924026],"C36":[0.0176317367253542],"C37":[0.00215491174571451],"C38":[0.00203824145237613],"C39":[0.0193147986370614],"C40":[0],"C41":[0],"C42":[0.0210777587809357],"C43":[0],"C44":[0],"C45":[0.0199703881686234],"C46":[0],"C47":[0],"C48":[0.0207998264380149],"C49":[0],"C50":[0],"C51":[0.0205168155594006],"C52":[0],"C53":[0],"C54":[0.0173742228658062],"C55":[0],"C56":[0],"C57":[0.0113415365757453],"C58":[0],"C59":[0],"C60":[0.00830531437319707],"C61":[0],"C62":[0],"C63":[0.00779052342337945],"C64":[0],"C65":[0],"C66":[0.00844271722627991],"C67":[0],"C68":[0],"C69":[0.00994664648083953],"C70":[0],"C71":[0],"C72":[0.0121042117809215]
                    }                
                }
            }
}
