{
"TG":{
    "Aboulkas 2010 LDPE":{ "units":["K","%"],
                 "X":[339.692	,433.1029	,560.99774	,656.56433	,710.4287	,731.8977	,744.6958	,755.3193	,761.6176	,771.5226	,780.0626	,810.94	,845.40674	,885.6357],
                 "Y":[100	,100	,98.102036	,97.848465	,94.737015	,84.91554	,69.71502	,52.400497	,33.55028	,16.236221	,6.9999676	,4.6724796	,1.9580748	,0.7784395]
                },
    "Dubdub 2020 LDPE":{ "units":["K","%"],
                 "X":[532.41675	,614.0509	,672.17175	,713.886	,735.20306	,745.43945	,755.24396	,760.15643	,765.07526	,770.42505	,779.7678],
                 "Y":[100	,99.40476	,98.590805	,94.104706	,84.94514	,71.28187	,52.618458	,38.953415	,22.62171	,11.623485	,0.6265898]
                },
    "Duque 2020 LDPE":{ "units":["째C","%"],
                 "X":[335.80057,365.64673,400.64978,427.60562,447.05893,460.14297,468.03204,475.3179,480.31958,485.30664,490.3054,497.05533,517.1119,548.6682],
                 "Y":[99.10632,99.043755,98.262794,96.55527,91.56144,82.099655,70.29016,56.12335,42.904762,28.506907,15.052465,3.9529417,1.3164439,0.30684936]
                },
    "Janajreh 2020 LDPE":{ "units":["째C",""],
                 "X":[311.02615,387.68225,420.13495,440.8064,459.7632,468.11523,475.90543,483.7123,489.11206,494.49234,499.26074,510.48578],
                 "Y":[0.99646866,0.98978984,0.959283,0.9142243,0.7986284,0.67210585,0.50941265,0.32501963,0.20390068,0.108098194,0.04122454,0.01237248]
                },
    "Kayacan 2008 LDPE":{ "units":["K","%"],
                 "X":[583.8155	,628.0151	,678.7869	,721.4943	,741.1251	,747.5963	,755.4767	,758.6572	,764.0275	,770.48773	,778.41614	,796.62177],
                 "Y":[99.818115	,99.66918	,99.17916	,95.5639	,84.921005	,73.28243	,55.826103	,43.85472	,31.657787	,18.788795	,6.701572	,0.08672695]
                },
    "Kayacan 2008 LDPE waste":{ "units":["K","%"],
                 "X":[562.3269	,637.71875	,693.2093	,721.46075	,738.8603	,745.77405	,752.6891	,758.1921	,765.439	,768.1698	,774.05475	,784.82806	,803.3174],
                 "Y":[100	,99.92276	,98.66553	,94.85938	,85.262215	,72.99532	,60.95139	,46.00971	,30.844091	,19.582867	,10.661012	,2.0708776	,0.27685633]
                }
    
    },
"DSC":{
    "Duque 2020 LDPE":{ "units":["째C","W/g"],
                 "X":[33.84891,59.128098,85.46432,109.58495,129.35205,140.35832,154.44012,168.53986,188.11586,215.39565,250.34937,286.384,332.26636,368.33682,405.51807,436.16003,453.72946,464.7835,472.61273,479.34308,482.79486,484.01315,490.65393,499.2117,505.5539,508.5936,511.62137,517.9815,526.4915],
                 "Y":[-0.12371585,-0.39656517,-0.60078067,-0.74797815,-0.92971116,-1.077658,-0.83684623,-0.6303201,-0.4463388,-0.3647775,-0.32849336,-0.2692896,-0.23238096,-0.24174863,-0.28533956,-0.36359096,-0.5225917,-0.76196724,-1.1043872,-1.435441,-1.7666823,-2.00662,-2.1662452,-1.8114598,-1.3996565,-0.9423263,-0.46213895,-0.08462139,0.3615925]
                },
    "Janajreh 2020 LDPE":{ "units":["째C","W/g"],
                 "X":[20.456827,26.453423,29.12569,32.383064,32.34231,38.386936,43.079414,49.755722,57.76525,63.106876,73.74792,89.65491,105.57353,116.19274,131.3749,166.35745,204.01811,238.37335,259.50116,275.98013,312.3192,342.69226,369.10056,392.1889,412.63992,435.77045,453.65253,464.27756,471.5972,481.55853,492.75848,499.2936,504.5086,507.74414,520.90027,550.63727,577.73834],
                 "Y":[1.6853217,1.1332928,0.8085236,1.3285623,1.7834395,0.6953052,-0.051742647,-0.81492877,-1.7080083,-2.3250554,-3.088027,-3.6232734,-4.288485,-4.807772,-4.6282473,-4.1877193,-4.136943,-4.0700994,-3.874007,-3.418235,-3.3675303,-3.1059544,-2.844593,-2.404709,-2.0299506,-2.0611894,-2.5151005,-3.0993702,-3.6675732,-4.2193875,-3.84513,-3.0324912,-2.2361698,-1.4724469,-0.8056609,-0.8202963,-0.91630286]
                }
    }
}
