{
"TG":{
    "Khedri 2017 HDPE":{ "units":["min",""],
                 "X":[0.54582775,4.880218,10.948788,19.836134,27.856508,36.742912,46.28008,54.733116,65.353935,75.32329,85.72672,96.782555,107.18764,117.15981,129.51764,142.09332,152.93506,163.77797,175.92336],
                 "Y":[1,0.964239960266878,0.917957421852864,0.861141112624031,0.81063635490168,0.745416554807991,0.680190006770182,0.619176476298728,0.545535119253426,0.465598022361613,0.387757189646905,0.324615495626144,0.261480610894448,0.206753710544943,0.147800028356702,0.0972474752528734,0.0593182475374413,0.0318932714485513,0.0128580211853239]
                }
    },
"DSC":{
    "Khedri 2017 HDPE":{ "units":["min","W/g"],
                 "X":[0.08469741,3.350018,4.4390855,9.862543,18.753183,32.848717,44.34145,56.698093,71.43568,81.18741,94.62348,110.011826,123.45048,139.27783,151.85423,163.56412,175.92358],
                 "Y":[-18.9385905645798,-21.5012580698319,-22.4949925270353,-22.598207700033,-21.9157643400139,-20.9703750683709,-20.0779832296719,-18.3482980496371,-15.4670202282661,-13.3194816444034,-10.4385458211094,-7.5570977675117,-5.25164425544066,-3.52105063342875,-2.41910859811538,-1.57897713282768,-0.477092048629059]
                }
    }
}