{
"TG":{
    "Dhahak 2019":{ "units":["°C","%"],
                 "X":[300,320.27027027027,342.792792792792,360.81081081081,370.945945945945,378.828828828828,384.459459459459,387.837837837837,391.216216216216,394.594594594594,397.972972972972,401.351351351351,404.729729729729,408.108108108108,411.486486486486,415.99099099099,420.495495495495,427.252252252252,435.135135135135,445.27027027027,456.531531531531,467.792792792792,477.927927927927,493.693693693693,508.333333333333,521.846846846846,537.612612612612,548.873873873873],
                 "Y":[99.9999999999999,99.9999999999999,99.502487562189,97.5124378109452,94.5273631840795,90.049751243781,85.5721393034825,81.592039800995,77.1144278606965,71.1442786069651,64.1791044776119,57.7114427860696,49.7512437810945,44.2786069651741,37.8109452736318,32.3383084577114,27.8606965174129,24.3781094527363,21.8905472636815,19.9004975124378,18.4079601990049,17.910447761194,17.910447761194,17.412935323383,17.412935323383,16.9154228855721,16.9154228855721,16.9154228855721]
                }
    }
}