{
"TG":{
    "Kiang 1980":{ "units":["min",""],
                 "X":[19.580284,29.667297,39.87368,59.786045],
                 "Y":[0.7178668,0.59526604,0.45824766,0.28293344]
                }                                
    }
}