{
"TG":{
    "Snegirev2012":{ "units":["°C",""],
                 "X":[375.12808,396.0048,409.9724,420.4845,428.85297,435.48798,438.20438,442.23834,445.82617,449.00192,452.17386,456.6426,459.77866,462.89578,471.65744,486.01822,502.9801],
                 "Y":[0.9992487,0.9938785,0.9529986,0.895072,0.81445146,0.729557,0.6488564,0.5582591,0.47615442,0.37704614,0.2807708,0.1901797,0.12081686,0.06561849,0.016165983,0.006454076,0.0024449124]
                }
    }
}