{
"TG":{
    "This work":{ "units":["min",""],
                 "X":[0,0.5,1,1.5,2,2.5,3,3.5,4,4.5,5,5.5,6,6.5,7,7.5,8,8.5,9,9.5,10,10.5,11,11.5,12,12.5,13,13.5,14,14.5,15,15.5,16,16.5,17,17.5,18,18.5,19,19.5,20,20.5,21,21.5,22,22.5,23,23.5,24,24.5,25,25.5,26,26.5,27,27.5,28,28.5,29,29.5,30,30.5,31,31.5,32,32.5,33,33.5,34,34.5,35,35.5,36,36.5,37,37.5,38,38.5,39,39.5,40,40.5,41,41.5,42,42.5,43,43.5,44,44.5,45,45.5,46,46.5,47,47.5,48,48.5,49,49.5,50,50.5,51,51.5,52,52.5,53,53.5,54,54.5,55,55.5,56,56.5,57,57.5,58,58.5,59,59.5,60,60.5,61,61.5,62,62.5,63,63.5,64,64.5,65,65.5,66,66.5,67,67.5,68,68.5,69,69.5,70,70.5,71,71.5,72,72.5,73,73.5,74,74.5,75,75.5,76,76.5,77,77.5,78,78.5,79,79.5,80,80.5,81,81.5,82,82.5,83,83.5,84,84.5,85,85.5,86,86.5,87],
                 "Y":[1,0.9995365,1.0043137,1.0042602,1.0042781,1.0037077,1.0037433,1.0034938,1.0033333,1.0032442,1.0031016,1.002959,1.0025668,1.002139,1.0016399,1.001426,1.0010339,1.0006417,1.0002496,1.0002139,1.0000178,1.0000357,0.9999643,1.0000178,1.0000535,1.0000178,1.0000357,1.0001426,1,1.0001248,1.0000178,1.0000535,1.0000178,1.0000891,0.9999287,0.9999643,0.9999109,0.999893,0.9998396,0.9995365,0.99959,0.9994652,0.999287,0.998984,0.9987166,0.9983422,0.9976292,0.9968627,0.9955437,0.9947237,0.9930303,0.9911408,0.9890731,0.9869519,0.9850624,0.9836542,0.9832442,0.9831194,0.9828877,0.9828342,0.9826916,0.9827451,0.9828342,0.9824064,0.9824064,0.9822282,0.9817469,0.9816221,0.98082,0.9799643,0.9786809,0.9767023,0.9742068,0.9699644,0.9634403,0.9547237,0.9413191,0.9229234,0.8981818,0.8642959,0.8213191,0.7627986,0.6890553,0.5818717,0.4775045,0.3864705,0.3111586,0.265918,0.2410695,0.2251337,0.2134225,0.205722,0.2003387,0.1960962,0.1928342,0.1901961,0.1879857,0.1860427,0.1849555,0.1836364,0.1827272,0.1819429,0.1810873,0.1803743,0.1795187,0.178877,0.1782174,0.1773262,0.1764349,0.1758467,0.1750089,0.1743316,0.1736007,0.1727985,0.1720677,0.1711408,0.1703922,0.1694497,0.1687548,0.1682718,0.1678995,0.1674175,0.1673305,0.1668969,0.1665431,0.1663478,0.1660261,0.1658136,0.1656165,0.1653896,0.1650988,0.1649564,0.1647066,0.1643646,0.164368,0.1642269,0.1639396,0.1637442,0.1635302,0.1633155,0.1631736,0.1629901,0.1629244,0.1627098,0.1625156,0.1623909,0.162245,0.1620501,0.1618206,0.1616586,0.1614808,0.1614505,0.1612666,0.1609297,0.1609465,0.1607318,0.1605187,0.1604239,0.1600886,0.1600158,0.1598387,0.1597163,0.1596582,0.1593071,0.1592176,0.1590919,0.1587715,0.1588074,0.1585567,0.1583968,0.158218,0.1581109,0.1580044,0.1577548,0.1576138]
                }
    },
"Char_EA":{
    "This work":{ "units":["min","%"],
                 "X":[87],
                 "Y":{
                    "C":[91.69],
                    "H":[3.35],
                    "O":[4.96]
                    },
                "stddev":{
                    "Y":{
                          "C":[0.0094],
                          "H":[0.0031],
                          "O":[0.0125]
                        }
                        }
                }
    }
}
