{
"Gas_Yield":{
     "Amorim 1982":{ "units":["s","w%"],
                     "X":[1e8],
                     "Y":{
                          "C1-C8":[26.358137],
                          "C9":[19.335445],
                          "C12":[2.6473007],
                          "C15":[4.515857]           
                        }                  
                },
     "Park 2021 detailed":{ "units":["s","w%"],
                     "X":[1e8],
                     "Y":{
                          "C0-C5":[3.1],
                          "C6":[0.45],
                          "C7":[0.91],
                          "C8":[0.71],
                          "C9":[6.02],
                          "C10":[12.06],
                          "C11":[15.03],
                          "C12":[1.48],
                          "C13":[0.28],
                          "C14":[0.63],
                          "C15":[0.23],
                          "C16":[0.39],
                          "C18":[3.59],
                          "C19":[0.17],
                          "C20":[1.62],
                          "C21":[2.87],
                          "C22":[0.34],
                          "C25":[0.89],
                          "C28":[0.19],
                          "C32":[0.44],
                          "C35":[0.83]
                        }                  
                },
    "Park 2021":{ "units":["s","w%"],
                     "X":[1e8],
                     "Y":{
                          "C0-C5":[3.1],
                          "C6-C10":[20.15],
                          "C11-C20":[23.42],
                          "C20-C100":[53.33]

                        }                  
                },
    "Tree detailed":{ "units":["min","w"],
                 "X":[5],
                 "Y":{
                     "C1":[0.0114506486406831],"C2":[0.0465880062215143],"C3":[0.150460449437719],"C4":[0.0646103708319805],"C5":[0.0777900794921978],"C6":[0.0711382465927973],"C7":[0.0228546183571638],"C8":[0.0277375442215778],"C9":[0.108339547010039],"C10":[0.0131582342581534],"C11":[0.0172717291517836],"C12":[0.0217731746368477],"C13":[0.00574098316928482],"C14":[0.00483588720006932],"C15":[0.0268428307359078],"C16":[0.00418853642487094],"C17":[0.00469893009189178],"C18":[0.013989101541332],"C19":[0.00185406945310084],"C20":[0.00353141036766665],"C21":[0.0138085928567414],"C22":[0.00160674519549064],"C23":[0.00115769409269053],"C24":[0.0138333707047667],"C25":[0.00158608939893019],"C26":[0.00113166186371119],"C27":[0.0134613753488],"C28":[0.00139340216935236],"C29":[0.000913985239746019],"C30":[0.0128113705950296],"C31":[0.00115606044799902],"C32":[0.000702794153409623],"C33":[0.0107844205288168],"C34":[0.00133877561852039],"C35":[0.000500128467769993],"C36":[0.0102302414177186],"C37":[0],"C38":[0],"C39":[0.00822165775576004],"C40":[0],"C41":[0],"C42":[0.00673192101042522],"C43":[0],"C44":[0],"C45":[0.00678231183142324],"C46":[0],"C47":[0],"C48":[0.00520567804541197],"C49":[0],"C50":[0],"C51":[0.00490980575183033],"C52":[0],"C53":[0],"C54":[0.00385658717684545],"C55":[0],"C56":[0],"C57":[0.00241209744878955],"C58":[0],"C59":[0],"C60":[0.00196972990446664],"C61":[0],"C62":[0],"C63":[0.00128900567297873],"C64":[0],"C65":[0],"C66":[0],"C67":[0],"C68":[0],"C69":[0],"C70":[0],"C71":[0],"C72":[0]
                    }                
                },
    "Tree":{ "units":["min","w"],
                 "X":[5],
                 "Y":{
                     "C1":[0.0114506486406831],"C2":[0.0465880062215143],"C3":[0.150460449437719],"C4":[0.0646103708319805],"C5":[0.0777900794921978],"C6":[0.0711382465927973],"C7":[0.0228546183571638],"C8":[0.0277375442215778],"C9":[0.108339547010039],"C10":[0.0131582342581534],"C11":[0.0172717291517836],"C12":[0.0217731746368477],"C13":[0.00574098316928482],"C14":[0.00483588720006932],"C15":[0.0268428307359078],"C16":[0.00418853642487094],"C17":[0.00469893009189178],"C18":[0.013989101541332],"C19":[0.00185406945310084],"C20":[0.00353141036766665],"C21":[0.0138085928567414],"C22":[0.00160674519549064],"C23":[0.00115769409269053],"C24":[0.0138333707047667],"C25":[0.00158608939893019],"C26":[0.00113166186371119],"C27":[0.0134613753488],"C28":[0.00139340216935236],"C29":[0.000913985239746019],"C30":[0.0128113705950296],"C31":[0.00115606044799902],"C32":[0.000702794153409623],"C33":[0.0107844205288168],"C34":[0.00133877561852039],"C35":[0.000500128467769993],"C36":[0.0102302414177186],"C37":[0],"C38":[0],"C39":[0.00822165775576004],"C40":[0],"C41":[0],"C42":[0.00673192101042522],"C43":[0],"C44":[0],"C45":[0.00678231183142324],"C46":[0],"C47":[0],"C48":[0.00520567804541197],"C49":[0],"C50":[0],"C51":[0.00490980575183033],"C52":[0],"C53":[0],"C54":[0.00385658717684545],"C55":[0],"C56":[0],"C57":[0.00241209744878955],"C58":[0],"C59":[0],"C60":[0.00196972990446664],"C61":[0],"C62":[0],"C63":[0.00128900567297873],"C64":[0],"C65":[0],"C66":[0],"C67":[0],"C68":[0],"C69":[0],"C70":[0],"C71":[0],"C72":[0]
                    }                
                }
            }
}
