{
"TG":{
    "Snegirev2012":{ "units":["°C",""],
                 "X":[335.5598,350.7826,371.23212,382.1336,393.9557,399.25427,406.80234,410.40906,415.31635,417.17075,420.3465,423.97214,427.56375,434.19122,440.331,455.13602,476.0222,503.41486],
                 "Y":[1.0015211,0.99748737,0.9864452,0.9625195,0.90036213,0.83952874,0.72206825,0.62579906,0.53238124,0.44600254,0.3468943,0.23646061,0.151523,0.07229428,0.03271995,0.015931962,0.0034795355,0.002451071]
                },
    "Nisar2019 waste EPS":{ "units":["°C",""],
                 "X":[75.68807,191.28441,299.31192,350.22937,372.2477,392.88992,407.33945,415.59634,427.29358,437.6147,456.19266,485.09174],
                 "Y":[0.9752322,0.9752322,0.9628483,0.9287926,0.8606811,0.74303406,0.5727554,0.4489164,0.26625386,0.120743036,0.06501548,0.06501548]
                }
    }
}