{
"TG":{
    "Budrugeac 2009 HDPE":{ "units":["min","X"],
                 "X":[11.407405,41.9829,82.15502,92.96866,102.007454,117.66254,130.90588,150.14369,165.77002,195.77907],
                 "Y":[0.0021197738,0.0019871253,0.014828012,0.08202614,0.22081539,0.4246518,0.58728397,0.7477209,0.86478966,0.96444243]
                }
    }
}