{
"TG":{
    "Brems 2011":{ "units":["°C","%"],
                 "X":[300,312.610619469026,326.548672566371,339.159292035398,351.769911504424,361.061946902654,373.672566371681,384.29203539823,394.911504424778,406.194690265486,413.495575221238,420.132743362831,424.778761061946,430.75221238938,435.398230088495,437.389380530973,440.04424778761,444.026548672566,448.008849557522,451.327433628318,454.646017699115,459.955752212389,463.274336283185,470.575221238938,473.893805309734,481.194690265486,497.787610619469,517.699115044247,534.29203539823,553.539823008849,575.442477876106,589.380530973451],
                 "Y":[99.6904024767801,99.6904024767801,99.6904024767801,99.6904024767801,98.7616099071207,99.3808049535603,99.3808049535603,98.7616099071207,98.4520123839009,95.6656346749225,93.4984520123839,90.7120743034055,86.0681114551083,80.8049535603715,76.4705882352941,71.2074303405572,65.6346749226006,59.4427244582043,53.250773993808,45.2012383900928,38.3900928792569,32.1981424148606,24.7678018575851,18.8854489164086,15.4798761609907,13.9318885448916,10.8359133126934,10.5263157894737,9.59752321981423,8.9783281733746,8.6687306501548,8.6687306501548]
                }
    }
}
