{
"TG":{
    "Anderson1961":{ "units":["°C",""],
                 "X":[330.95230008892,343.360513208883,355.472309510043,366.857654706703,378.908586248875,384.845008952942,391.144776122773,397.289761571899,403.144591086683,408.697087626434,413.796347095061,419.827558130657],
                 "Y":[0.973858299,0.972137563,0.96748222,0.94662455,0.88446487,0.81061679,0.69104195,0.4859263,0.27934223,0.1170122,0.03876114,0.00769436000000001]
                }
    }
}