{
"TG":{
    "Amorim 1982":{ "units":["°C","X"],
                 "X":[360.48486,371.63635,378.30304,384,391.27274,396.72726,399.27274,403.39395,408.36365,414.30304,417.45456,422.9091],
                 "Y":[0.020933978,0.062801935,0.11433172,0.20128824,0.3800322,0.5716586,0.6698873,0.8132045,0.9259259,0.98872787,1,1]
                }
    }
}