{
"TG":{    
    "Andreikov2012":{ "units":["°C",""],
                 "X":[50,166.83983,245.96733,330.40155,381.5977,422.15955,443.4774,452.86737,461.0036,463.87857,472.1928,480.46164,486.7437,526.726, 550, 600],
                 "Y":[1,1,0.98794883,0.9825618,0.9770094,0.9702426,0.94247395,0.8914169,0.79389566,0.6615047,0.45480806,0.275986,0.09250821,0.0334733, 0.03, 0.03]
                },
    "Jiao2014":{ "units":["°C",""],
                 "X":[95.66121,154.2523,212.84338,271.45987,318.7993,366.15778,389.88937,402.39474,416.08716,420.74652,432.17908,443.53546,467.23532,506.68115,535.9767],
                 "Y":[1.0037589,1.004244,1.004729,0.9787242,0.9625598,0.92652804,0.85387695,0.7380866,0.5593922,0.4004906,0.22840007,0.13577898,0.096240126,0.0866329,0.08687542]
                },
    "Jinno2004":{ "units":["°C",""],
                 "X":[69.518715,129.41176,202.13904,256.68448,320.85562,366.8449,395.72192,405.3476,413.90375,423.52942,424.59894,433.1551,438.5027,455.61496,489.83957],
                 "Y":[1.006135,1.002045,0.997955,0.99182004,0.98977506,0.98568505,0.94887525,0.86912066,0.6584867,0.48670757,0.33128834,0.17791411,0.075664625,0.028629856,0.028629856]
                },
    "Li2018 EPS":{ "units":["°C",""],
                 "X":[105.797104,178.26086,250.72464,301.44928,343.47827,376.81158,386.9565,397.10144,408.69565,415.94202,430.43478,484.05798],
                 "Y":[1,1,0.9874214,0.9685535,0.9496855,0.8616352,0.7232704,0.5157233,0.3144654,0.12578617,0,0]
                },
    "Marcilla2007 HIPS":{ "units":["°C",""],
                 "X":[196.93307,246.76347,290.90714,327.35352,355.43756,377.16376,395.19986,405.52747,413.17444,418.4669,423.42877,428.0607,435.0377,444.0247,453.02847,465.38962,477.0919],
                 "Y":[0.99907357,0.99373543,0.9859205,0.9668474,0.9453143,0.9162834,0.86215025,0.77163345,0.669827,0.53788465,0.41473833,0.3016443,0.19732948,0.10053969,0.041438118,0.011209825,0.0035986563]
                },
    "Nisar2019 waste EPS":{ "units":["°C",""],
                 "X":[76.376144,142.4312,193.34862,259.40366,312.3853,349.5413,372.2477,391.51376,405.27524,414.90826,424.5413,441.05505,494.72476,531.88074],
                 "Y":[0.99380803,0.98452014,0.9721362,0.9721362,0.9597523,0.91640866,0.8390093,0.67801857,0.49226007,0.37461302,0.2012384,0.10526316,0.10216718,0.095975235]
                },
    "Ozsin2017":{ "units":["°C",""],
                 "X":[286.09985,361.6734,389.33875,408.23212,420.37787,427.12552,434.5479,441.29553,450.74225,459.51416,470.98517,486.50473,516.19434,574.8988,634.278,842.1053],
                 "Y":[1.0,1.0,0.98429954,0.9202899,0.81280196,0.7210145,0.5845411,0.42874396,0.29589373,0.20410629,0.11111111,0.057971016,0.04227053,0.04589372,0.04710145,0.05193237]
                },
    "Park2019":{ "units":["°C","%"],
                 "X":[58.122204,163.18927,248.88226,304.02383,334.57526,358.42026,375.55887,390.462,398.65872,402.3845,409.0909,412.07153,418.77795,426.22952,432.9359,446.34872,519.3741,593.8897],
                 "Y":[99.68848,99.68848,99.2731,97.92316,95.22326,89.82347,81.619934,71.02804,62.92835,53.271027,45.586708,34.890965,26.687435,11.941849,2.9075804,0.62305295,0.5192108,0.5192108]
                },
    "Xu2014":{ "units":["°C",""],
                 "X":[125.54859,172.44942,208.51419,263.51675,304.10138,341.08963,371.80325,386.3206,396.35245,404.56262,414.59808,438.1208,481.409],
                 "Y":[1.0028499,0.99232095,1.0033482,1.0144894,1.0093278,0.9879284,0.909735,0.7773907,0.6098845,0.46939427,0.29648274,0.18311127,0.18066858]
                }
    },
"DSC":{
    "Andreikov2012":{ "units":["°C","W/g"],
                 "X":[28.98099,49.32916,65.19339,85.725105,108.712944,179.65182,234.52545,303.13058,371.71826,405.72803,409.94974,416.48773,418.4806,418.2009,427.23868,439.06476,446.41562,446.7827,449.3787,461.1698,477.33994,573.53925],
                 "Y":[-0.0937921864596964,-0.715395804698941,-1.10918086248257,-1.29615949344891,-1.08998532304859,-1.2166127178288,-1.42547269965218,-1.65550319504554,-1.9269265585444,-2.73527180183002,-3.58398324851362,-4.37068453788658,-5.07444157576226,-5.73672761584437,-6.02679329441237,-5.13724205359411,-3.99917584082659,-3.12992591139898,-2.40563001479426,-1.59886443499001,-1.26827478970782,-1.23019968865432]
                },
    "Jiao2014":{ "units":["°C","W/g"],
                 "X":[51.835335,102.542336,143.09904,200.56654,260.28122,316.6315,352.69705,370.75684,391.11453,400.23645,408.23798,412.83704,421.9399,431.9823,439.7045,448.57886,459.7575,477.7506,516.0602],
                 "Y":[-0.009935601,-0.02308691,0.0085610775,-0.0043356894,0.012973129,-0.045147166,-0.08897072,-0.23889562,-0.5995809,-1.111294,-1.6531703,-2.0897512,-2.5111022,-2.043849,-1.2604128,-0.59741724,-0.1753027,-0.008959859,-0.0075174575]
                },
    "Jinno2004":{ "units":["°C","W/g"],
                 "X":[70.588234,142.24599,227.80748,313.369,373.26202,401.06952,414.97327,423.52942,440.64172,449.19788,483.42245,560.4278],
                 "Y":[-0.428449,-1.11396741666667,-1.54241641666667,-1.88517566666667,-2.57069416666667,-4.02742066666667,-6.94087416666667,-8.91173933333333,-6.25535583333333,-2.999143,-2.74207366666667,-3.427592]
                },
    "Li2018 EPS":{ "units":["°C","W/g"],
                 "X":[101.44927,121.73913,147.82608,192.75362,228.9855,275.3623,304.34784,328.9855,346.3768,362.31885,369.56522,373.91306,375.3623,379.71014,392.75363,397.10144,402.89856,414.49277,423.18842,423.18842,423.18842,428.9855,430.43478,456.52173,504.34784],
                 "Y":[-0.11801242,-0.10248447,-0.11801242,-0.08695652,-0.04037267,0.06832298,0.23913044,0.42546585,0.64285713,0.92236024,0.3167702,-0.28881988,-0.84782606,-1.0186335,-0.9875776,-1.158385,-1.3913044,-1.484472,-1.2049689,-0.80124223,-0.41304347,-0.04037267,0.3167702,0.33229813,0.4099379]
                },
    "Xu2014":{ "units":["°C","W/g"],
                 "X":[111.183044,144.54242,190.54686,246.47112,297.88455,350.19257,364.6268,377.29898,389.07117,390.05972,393.7609,401.03854,404.66925,410.92038,414.3993,416.06735,421.40765,429.5094,451.16345,481.8192],
                 "Y":[-1.1846403,-0.8623204,-1.4080287,-1.9519929,-2.4176364,-2.5666678,-2.8014712,-4.8562007,-6.990202,-10.787488,-14.900751,-17.668453,-18.696293,-16.005327,-10.38764,-4.453816,-1.3674414,-0.73310715,-1.2039826,-0.96125185]
                }
    }
}
