{
"TG":{
    "Ceamanos 2002 HDPE":{ "units":["min","%"],
                 "X":[0,7.45002666666667,11.6040716666667,15.8063226666667,23.7590246666667,27.2656236666667,35.1365666666667,46.3038126666667,79.0683066666667],
                 "Y":[99.3624	,84.1583	,73.20563	,60.06225	,44.428272	,33.260685	,21.342314	,7.813835	,0.7332693]
                }
    }
}
