{
"TG":{
    "Moltò 2007":{ "units":["s",""],
                 "X":[0,1431.7899,1852.1509,2074.8604,2236.0864,2354.9202,2418.2068,2499.6829,2698.7249,3107.0918,3725.2268,4368.007,4893.374,5437.2676],
                 "Y":[1,1,0.989211779723327,0.963478064319211,0.898851228391831,0.728749288075007,0.54935677642461,0.412525222860056,0.259131645551033,0.203937115652281,0.193295161217578,0.191920912606553,0.18860987139724,0.187162432177017]
                }
    }
}
