{
"TG":{
    "Das 2019":{ "units":["min","%"],
                 "X":[2.95081967213114,15.4918032786885,27.2950819672131,35.4098360655737,45.7377049180327,59.0163934426229,68.6065573770491,79.6721311475409,92.2131147540983,106.967213114754,120.245901639344,135,146.065573770491,159.344262295082,176.311475409836,193.27868852459,207.295081967213,223.524590163934,235.327868852459,249.344262295082,262.622950819672,286.967213114754,305.409836065573,328.27868852459,350.409836065573,385.819672131147,399.098360655737,423.442622950819,447.049180327869,466.229508196721,479.508196721311],
                 "Y":[99.1011235955056,99.3539325842696,96.8258426966292,95.0561797752809,91.7696629213483,88.7359550561797,85.4494382022472,82.4157303370786,79.3820224719101,76.8539325842696,73.8202247191011,69.7752808988764,66.9943820224719,64.7191011235955,61.1797752808988,57.6404494382022,55.3651685393258,52.8370786516853,50.3089887640449,48.2865168539325,46.0112359550561,43.4831460674157,41.9662921348314,39.1853932584269,37.1629213483146,34.3820224719101,33.1179775280898,31.6011235955056,30.3370786516853,29.5786516853932,28.8202247191011]
                }
    }
}
