{
"TG":{
    "Kruse2002":{ "units":["min","X"],
                 "X":[0,5,10,15,20],
                 "Y":[0,0.18348624,0.39877677,0.5969419,0.68990827]
                }
    },
"Gas_Yield":{
    "Kruse2002":{ "units":["min","w"],
                 "X":[0,5,10,15,20],
                 "Y":{
                   "C8H8":[0,0.12477064,0.25688073,0.38165137,0.47461775],
                   "C16H16":[0,0.028692774,0.07099954,0.10796328,0.12984408],
                   "C24H24":[0,0.0413341,0.05738555,0.06808735,0.06419254]
                   },
                "names":["C8H8","C16H16","C24H24"]
            }
    },
"MWn":{
    "Kruse2002":{ "units":["min","g/mol"],
                 "X":[0,5,10,15,20],
                 "Y":[42500,15860.37,11792.453,9728.294,7901.5825]
                }
    },
"MWw":{
    "Kruse2002":{ "units":["min","g/mol"],
                 "X":[0,5,10,15,20],
                 "Y":[43867.605,25883.955,20283.338,16922.648,13915.733]
                }
    }
}