{
"TG":{
    "Jellinek 1949 HDPE":{ "units":["min","X"],
                 "X":[2.9041226,6.1736436,14.847883,20.256414,24.25419,32.162045,36.844864,41.163555,50.833584,60.480736,69.402176],
                 "Y":[0.07249945,0.15951818,0.32807454,0.41505447,0.5238295,0.61620647,0.6850583,0.743032,0.806351,0.8370161,0.84955317]
                }
    }
}