{
"TG":{
    "Budrugeac 2009 HDPE":{ "units":["°C","X"],
                 "X":[393.61438,409.52246,421.4927,434.01248,442.03262,449.28934,454.30692,459.50616,463.77435,468.8084,474.04236,482.65308],
                 "Y":[0.0145007325,0.047222704,0.09796963,0.19089209,0.30183274,0.46216205,0.5947534,0.7466241,0.88041127,0.95637596,0.9889693,1]
                },
    "Khaghanikavkani 2011 HDPE":{ "units":["°C",""],
                 "X":[388.69406,414.38937,436.75937,458.52478,469.1052,476.66263,482.7086,486.33615,493.8936,505.6832],
                 "Y":[1,0.9898617,0.9483871,0.83778805,0.63870966,0.45345622,0.2764977,0.1078341,0.013824885,0]
                }
    }
}