{
"DTG":{
    "Dhahak 2019":{ "units":["s","%/min"],
                 "X":[3015.47277936963,3106.80035736963,3563.43825936963,3830.67951936963,4056.69639936963,4199.75997936963,4250.67363936963,4308.43449936963,4344.64383936963,4443.46461936963,4491.59481936963,4573.66749936963,4635.37455936963,4675.84719936963,4723.31967936963,4982.24577936963,5403.46137936963],
                 "Y":[0,0.026553838,0.15932302,0.5611546,2.0101008,4.9760947,6.975938,8.774416,10.022626,10.58607,9.404705,6.880945,5.1626225,3.2564476,1.3234047,0.24874863,0.032636754]
                }
    },
    
"Gas_Yield":{
    "Dhahak 2019":{ "units":["min","w%"],
                 "X":[155],
                 "Y":{
                        "CO":[5.2229953],
                        "CO2":[10.482097],
                        "C2H4":[0.32],
                        "CH3CHO":[12.11678],
                        "C6H6":[0.26],
                        "BA":[7.456919],
                        "MVT":[2.6005223],
                        "DVT":[0.1789261],
                        "EGDB":[0.14598462]

                    },
                    "names":["CO","CO2","C2H4","CH3CHO","MAH","BA","MVT","DVT","EGDB"],
                   "stddev":{
                          "Y":{
                              "CO":[0.17733955665025],
                              "CO2":[0.223018113300499],
                              "C2H4":[0.01614975],
                              "CH3CHO":[0.677116000000099],
                              "C6H6":[0.061879968],
                              "BA":[0.389086],
                              "MVT":[0.26111645],
                              "DVT":[0.00604109999999999],
                              "EGDB":[0.00681705999999999]

                              }
                            }   

                  }
             }  
}
