{
"TG":{
    "Ceamanos 2002 HDPE":{ "units":["s","%"],
                 "X":[0,3.00533166666666,9.82476666666666,10.2784526666667,10.6328916666667,13.0241866666667,15.4627366666667,27.6271426666667],
                 "Y":[99.513115	,83.62094	,70.09153	,49.47315	,33.365036	,23.48586	,11.458938	,2.0114129]
                }
    }
}
