{
"TG":{    
    "Aboulkas 2010 LDPE":{ "units":["K","%"],
                 "X":[314.53555	,401.4777	,482.67484	,557.3998	,634.277	,678.79663	,706.0072	,720.9455	,727.9676	,735.00684	,739.90424	,746.2646	,765.63983],
                 "Y":[100	,100	,100	,97.52742	,96.5166	,93.02652	,82.43214	,65.499466	,47.225716	,30.87503	,16.064182	,4.1370144	,1.2399758]
                },    
    "Wu 1993 LDPE":{ "units":["K",""],
                 "X":[610.9171,652.8434,674.3466,688.1725,702.7797,714.2335,722.8655,729.78674,737.6184,747.2158],
                 "Y":[0.9928502,0.97355527,0.9336711,0.86486816,0.71806073,0.53044975,0.35660172,0.17112936,0.053844392,0.010558962]
                }
    }
}