{
"TG":{
    "Khedri 2017 HDPE":{ "units":["min",""],
                 "X":[1.4556041,22.561863,50.21834,80.786026,123.72635,149.92722,184.86172,212.51819,243.08588,269.28674,300.58224,326.7831,365.35663,398.10773,429.4032,453.4207],
                 "Y":[1,0.951704596148171,0.880681815082645,0.792613656951004,0.673295472033649,0.573863664256199,0.477272739669422,0.389204542576741,0.303977283220189,0.247159097328808,0.181818183943329,0.124999998051948,0.0710227265200708,0.0397727309031878,0.0198863646723731,0.00284090906080283]
                }
    },
"DSC":{
    "Khedri 2017 HDPE":{ "units":["min","W/g"],
                 "X":[0,2.183406,8.733624,29.112082,49.49054,69.868996,89.51965,113.53712,139.73799,171.76128,207.42358,250.3639,284.5706,315.8661,348.6172,379.91266,417.75836,443.23145,461.42648],
                 "Y":[-16.4003536727365,-19.031754260565,-20.3168553329053,-19.8272935020076,-18.9093628288146,-18.1750196928577,-18.052629040328,-17.0735030408702,-16.0331817151476,-14.3197125797328,-12.361461360038,-10.2196226031071,-8.44495814142748,-6.67029367974789,-5.07921363842113,-3.54933048180079,-1.5910791062618,-0.428367439697856,0]
                }
    }
}