{
"TG":{
    "Bockhorn1998":{ "units":["min","X"],
                 "X":[3.808948, 8.887546, 16.082226, 20.737606, 30.471584, 37.243046, 51.20919, 71.100365, 102.8416, 135.85248, 178.59734],
                 "Y":[0.049655173, 0.17655173, 0.30620688, 0.44413793, 0.56413794, 0.6565517, 0.7586207, 0.8551724, 0.9337931, 0.977931, 0.99448276]
                }
    }
}