{
"TG":{
    "Kim1999":{ "units":["min",""],
                 "X":[0,3.992194,9.661812,14.72364,20.09768,25.3073,30.333798,35.478993,40.43898,45.52599,50.60259,55.2005,60.553986,65.5911,70.46589,75.646645,80.96687],
                 "Y":[0.9990383,0.9721302,0.84130764,0.7104102,0.57407117,0.44593194,0.3383204,0.25264376,0.18886456,0.14154121,0.101066664,0.07560328,0.052973088,0.03852399,0.030904958,0.021953637,0.021239612]
                }
    },
"Gas_Yield":{
    "Kim1999":{ "units":["min","w%"],
                 "X":[1e8],
                 "Y":{
                    "C7H8":[2.17],
                    "C8H10":[0.69],
                    "C8H8":[65.4],
                    "C9H10":[3.46],
                    "C15H16":[4.16],
                    "C16H16":[18.02],
                    "C24H24":[4.12]
                    },
                "names":["C7H8","C8H10","C8H8","C9H10","C15","C16","C24"]
                }    
     }
}            