{
"TG":{
    "Amorim 1982":{ "units":["min","X"],
                 "X":[7.332629,10.29342,14.478079,17.194683,20.637968,24.559048,29.923498],
                 "Y":[0.16360718,0.3048125,0.47810107,0.61449486,0.74927187,0.8647794,0.94976604]
                }                
    }
}
