{
"TG":{
    "Das 2019":{ "units":["min","%"],
                 "X":[2.95081967213114,5.90163934426229,6.63934426229506,8.85245901639344,10.327868852459,11.8032786885246,13.2786885245901,14.0163934426229,16.9672131147541,19.9180327868852,22.1311475409836,25.0819672131147,28.7704918032786,33.1967213114754,40.5737704918032,48.6885245901639,59.0163934426229,74.5081967213115,88.5245901639344,107.704918032786,125.409836065573,144.590163934426,163.032786885245,187.377049180327,204.344262295082,219.83606557377,232.377049180327,246.39344262295,262.622950819672,281.065573770491,292.131147540983,303.934426229508,319.426229508196,345.983606557377,365.901639344262,382.131147540983,407.213114754098,426.39344262295,444.83606557377,462.540983606557,477.295081967213],
                 "Y":[99.3539325842696,96.8258426966292,92.2752808988764,86.2078651685393,80.1404494382022,74.0730337078651,68.5112359550561,61.6853932584269,55.6179775280898,49.5505617977528,42.7247191011236,36.4044943820224,30.8426966292134,25.2808988764044,20.7303370786517,16.6853932584269,14.1573033707865,12.8932584269662,12.1348314606741,11.8820224719101,11.376404494382,10.6179775280898,10.8707865168539,10.6179775280898,10.3651685393258,10.3651685393258,11.1235955056179,11.376404494382,11.629213483146,11.629213483146,11.8820224719101,11.376404494382,11.376404494382,10.6179775280898,11.1235955056179,10.3651685393258,9.85955056179774,10.1123595505618,10.8707865168539,10.6179775280898,10.3651685393258]
                }
    },
    
"Gas_Yield":{
        "This work":{ "units":["s","w%"],
                     "X":[1200],
                     "Y":{                          
                          "CO":[0],
                          "CO2":[8.02993],
                          "C2H4":[0.976140528968033],
                          "CH3CHO":[7.44698462876913],
                          "C6H6":[1.41056826585938],
                          "VB":[0.750851506058384],
                          "BA":[8.07726007262116],
                          "TA":[2.31701183658167],
                          "EGDB":[1.18719625402951]
                        },
                       "names":["CO","CO2","C2H4","CH3CHO","MAH","VB","BA","TA","EGDB"],
                       "stddev":{
                                "Y":{
                                    "CO":[0],
                                    "CO2":[0.50],
                                    "C2H4":[0.116406901724523],
                                    "CH3CHO":[0.095138853568868],
                                    "C6H6":[0.375381613576962],
                                    "VB":[0.0408599317635531],
                                    "BA":[0.751170408086584],
                                    "TA":[0.0203209362775877],
                                    "EGDB":[0.27582673593128]
                                    }
                                }
                },
        "Du 2016 waste carpet fiber":{ "units":["s","w%"],
                     "X":[20],
                     "Y":{
                          "CO":[2.85],
                          "CO2":[4.39],
                          "CH4":[1.17],
                          "C6H6":[0.291780193],
                          "BA+CH2CO":[12.56184355]
                          
                        },
                       "names":["CO","CO2","CH4","MAH","BA+\nAcetyl-BA"],
                       "stddev":{
                                "Y":{
                                    "C6H6":[0.20843331],
                                    "BA+CH2CO":[1.33532525],
                                    "CO":[0.11],
                                    "CO2":[0.32],
                                    "CH4":[0.09]

                                    }
                                }
                }
            }
}               
