{
"TG":{
    "Khaghanikavkani HDPE 50 ml/min":{ "units":["째C",""],
                 "X":[372.6723,399.8791,415.90085,430.7134,442.80533,449.45587,453.99033,458.52478,463.36154,467.2914,474.54654,486.33615],
                 "Y":[1,0.9926267,0.96221197,0.8875576,0.7410138,0.58064514,0.4313364,0.29308757,0.15207373,0.041474655,0,0]
                },
    "Khaghanikavkani HDPE 20 ml/min":{ "units":["째C",""],
                 "X":[391.44318,397.95703,407.1535,414.42728,419.9765,427.0559,433.1755,438.62656,443.88284,447.9905,452.38525,456.1145,463.19907],
                 "Y":[0.98320985,0.97243154,0.961319,0.887323,0.81354195,0.7129921,0.5959505,0.49892575,0.37202492,0.25523397,0.13508503,0.06485291,0.014136342]
                },
    "Khaghanikavkani HDPE 50 ml/min":{ "units":["째C",""],
                 "X":[393.26422,403.22574,412.89676,421.995,430.98987,436.15347,442.46228,448.86206,454.5902,458.60376,464.25296],
                 "Y":[0.98962754,0.9651306,0.9107696,0.87641346,0.76898044,0.6719915,0.5316705,0.3448265,0.14809938,0.04793147,0.014005045]
                },    
    "Khaghanikavkani HDPE 100 ml/min":{ "units":["째C",""],
                 "X":[397.67203,406.96326,416.44507,423.81808,431.76114,438.4549,442.4664,447.6238,451.3479,455.45383,460.1353],
                 "Y":[0.9957229,0.9746318,0.9435501,0.9027644,0.815396,0.69163835,0.57153714,0.41474828,0.29468286,0.16128083,0.034451615]
                },    
    "Wu 1993 HDPE":{ "units":["K",""],
                 "X":[616.7661,638.20734,658.2941,669.11383,681.2757,689.8167,700.1289,708.4045,715.9855,720.445,726.0292,730.95135,736.12177,744.24493],
                 "Y":[0.9856304,0.9789205,0.9722636,0.94248635,0.88917357,0.81839025,0.6810024,0.5339096,0.35357648,0.24772839,0.1340086,0.04966848,0.008370844,0.002182162]
                }
    
    }
}