{
"TG":{
    "Aboulkas 2010 HDPE":{ "units":["K","%"],
                 "X":[309.56613	,391.09076	,519.1001	,644.9666	,717.9148	,757.2754	,770.92346	,781.02405	,786.8065	,791.157	,795.5023	,803.42	,822.75336	,869.95575],
                 "Y":[100	,100	,100	,98.97072	,98.04502	,91.7956	,78.32741	,58.596233	,44.935802	,31.654427	,19.511572	,8.12886	,2.6321206	,1.8880342]
                },
    "Ceamanos 2002 HDPE":{ "units":["째C","%"],
                 "X":[380.0114	,404.75287	,429.7221	,449.6468	,465.66687	,475.26498	,480.96506	,486.66644	,491.45172	,496.46503	,502.63248	,509.7255	,520.4898],
                 "Y":[100	,100	,98.54157	,95.021286	,86.17415	,73.40445	,58.8142	,44.925217	,31.177122	,16.86786	,7.1861196	,2.4125633	,0.7219857]
                },
    "Conesa 1996 HDPE":{ "units":["째C",""],
                 "X":[411.64102,426.68472,435.94443,447.68628,459.26376,468.36777,479.46567,487.92288,498.37784,506.51688,513.67285,520.51166,526.8594,530.88544,535.57745,539.9475,547.26587,554.54126],
                 "Y":[0.9958053,0.9918159,0.9858871,0.9752598,0.96301025,0.94094384,0.9012483,0.8549521,0.7845755,0.7172939,0.6354409,0.53098965,0.4184462,0.3186748,0.2108766,0.08854426,0.011539051,0.007111105]
                },
    "Jinno 2004 HDPE":{ "units":["째C","%"],
                 "X":[272.86377,367.784,428.8162,455.96417,476.35675,490.0029,496.8732,507.1448,514.0215,520.84454,533.3263,590.9546],
                 "Y":[101.394356,100.52656,97.87344,92.76834,83.43951,68.33137,52.55506,34.7795,17.892073,10.338005,1.2296327,1.020216]
                },
    "Kayacan 2008 HDPE":{ "units":["K","%"],
                 "X":[596.2363	,671.56903	,711.23566	,759.23285	,792.8898	,803.8609	,807.8281	,814.4628	,820.09174	,824.06116	,829.36725	,836.682	,852.66864],
                 "Y":[99.620514	,99.364265	,99.35265	,98.16764	,94.05943	,81.878235	,68.05975	,54.59177	,38.665066	,25.783348	,14.306387	,6.458815	,0.8335277]
                },
    "Kayacan 2008 HDPE waste":{ "units":["K","%"],
                 "X":[509.3139	,542.58997	,584.01715	,649.88904	,702.8623	,741.9097	,771.7908	,792.8203	,806.68506	,811.39105	,814.37555	,817.3624	,821.72015	,826.76624	,831.81116	,841.279	,858.2373],
                 "Y":[99.52177	,99.383896	,99.595825	,99.084076	,99.52558	,99.147896	,99.13023	,94.38967	,82.67934	,72.86567	,58.206684	,44.02051	,32.434	,22.738338	,12.80627	,4.644638	,0.6156995]
                }
    },
"DSC":{
    "Jinno 2004 HDPE":{ "units":["째C","W/g"],
                 "X":[33.30967,44.661438,65.06423,80.92811,100.176704,110.408745,114.98597,116.16826,116.220604,124.088066,126.29816,128.48526,135.21768,149.89926,188.32367,227.88313,287.77518,366.87878,420.01288,450.5596,470.94965,481.1804,489.1449,494.83163,501.63428,509.4979,519.601,521.78937,527.37396,535.21716,547.61206,600.7372,667.43317,716.05133,771.46185,817.83417],
                 "Y":[-0.106496483333333,-0.9860866,-2.05861666666667,-2.80935383333333,-3.47418083333333,-4.52546983333333,-5.49104333333333,-6.37085083333333,-7.25068416666667,-6.54235583333333,-5.70539333333333,-4.48216333333333,-3.68802266666667,-3.55895133333333,-3.66542366666667,-3.857709,-3.942261,-4.06931966666667,-4.51882616666667,-5.16195133333333,-6.019888,-7.04971766666667,-7.9722995,-8.594499,-8.98062133333333,-8.20791566666667,-7.09181216666667,-5.89004066666667,-4.79549383333333,-3.67943883333333,-3.09977016666667,-3.39906116666667,-3.891195,-4.4051765,-5.13360566666667,-5.883688]
                }
    }
}
