{
"TG":{
    "Ceamanos 2002 HDPE":{ "units":["min","%"],
                 "X":[2.617046,43.35504,89.304726,132.57484,191.55661,255.7274,313.32825,398.3146,506.7621,651.64044,756.0416,966.0548],
                 "Y":[99.62041,	85.840546, 72.31954, 62.019592,	49.016846, 37.303867, 27.78019, 18.520126, 10.038296, 5.6879845, 3.2619627, 2.662741]
                },
    "Sezgi 1998 HDPE":   { "units":["s","%"],
                 "X":[0, 3600, 7200, 10800],
                 "Y":[100, 80, 60, 47.6535515]
                }
    },
"Gas_Yield":{
    "Sezgi 1998 HDPE":{ "units":["s","w%"],
                 "X":[3600, 7200, 10800],
                 "Y":{
                    "C0-C4":[4.555285, 7.016357, 9.783366],
                    "C5-C100":[14.917145, 32.7757, 42.073456]
                    },
                "names":["Gases","Condensables"]                  
                }
    }
}
