{
"Gas_Yield":{
    "Yang1998":{ "units":["s","w%"],
                 "X":[3],
                 "Y":{
                    "C8H8":[68.78216],	"C16H16":[3.0556245],	"C24H24":[1.9614148]
                    },
                "names":["C8H8","C16H16","C24H24"]
                }      

     }
}            