{
"TG":{
    "Jellinek 1949 HDPE":{ "units":["min","X"],
                 "X":[4.668227,6.1647854,14.765579,23.017471,38.046776,51.674164,65.98989,82.499985,93.98979,108.26766,123.623795,152.5442],
                 "Y":[0.028879246,0.07244838,0.11569459,0.1625931,0.22554746,0.29947484,0.36064342,0.45807657,0.5284647,0.56781644,0.614392,0.69853354]
                }
    }
}