{
"TG":{
    "Budrugeac 2009 HDPE":{ "units":["min","X"],
                 "X":[15.003084,49.174976,68.973495,84.00102,88.240074,91.88176,96.11362,102.17207,111.810394,123.83529],
                 "Y":[0,0,0.038746342,0.15798686,0.28595096,0.42042527,0.52669746,0.7175603,0.85634696,0.96041614]
                }
    }
}