{
"TG":{
    "Al-Salem 2010 HDPE":{ "units":["s","%"],
                 "X":[0	,0.94661033	,18.990202	,37.015125	,51.10226	,75.45513	,92.03928	,161.34521	,340.49332	,511.83334],
                 "Y":[100,	90.63268	,84.29975	,72.01743	,49.482754	,31.249718	,26.56266	,20.598656	,13.598817	,7.6132855]
                }
    },
"Gas_Yield":{
    "Al-Salem 2010 HDPE":{ "units":["s","w%"],
                 "X":[100000],
                 "Y":{
                    "C0-C4":[20.2],
                    "C5-C11":[13.2],
                    "C12-C100":[65.8]
                    },
                "names":["Gases","Oil","Diesel-Waxes"]              
                },
    "Conesa 1994 HDPE":{ "units":["s","w%"],
                 "X":[20],
                 "Y":{
                    "C0-C5":[2.42],
                    "C6-C100":[97.58]
                    },
                "names":["Gases","Condensables"]                
                },
    "Elordi 2011 HDPE":{ "units":["s","w%"],
                 "X":[100000],
                 "Y":{
                     "CH4":[0.03],
                     "C2":[0.15],
                     "C3":[0.57],
                     "C4":[0.75],                      
                     "C5-C11":[5.7934384],
                     "C12-C20":[25.576103],
                     "C21-C100":[67.170815]
                    },
                "names":["CH4","C2","C3","C4","Oil","Diesel","Waxes"]                
                }
    }
}
