{
"TG":{
    "Krishna2019":{ "units":["s",""],
                 "X":[0,19.10398,39.29577,60.3952,79.67358,100.02595,120.19753,150.52779],
                 "Y":[1,0.9322603,0.7137753,0.49806106,0.315161,0.23640649,0.15216641,0.14498599]
                }
    }
}