{
"TG":{
    "Ozsin2017":{ "units":["°C",""],
                 "X":[286.09985,361.6734,389.33875,408.23212,420.37787,427.12552,434.5479,441.29553,450.74225,459.51416,470.98517,486.50473,516.19434,574.8988,634.278,842.1053],
                 "Y":[1,1,0.98429954,0.9202899,0.81280196,0.7210145,0.5845411,0.42874396,0.29589373,0.20410629,0.11111111,0.057971016,0.04227053,0.04589372,0.04710145,0.05193237]
                },
    "Nisar2019 waste EPS":{ "units":["°C",""],
                 "X":[76.376144,142.4312,193.34862,259.40366,312.3853,349.5413,372.2477,391.51376,405.27524,414.90826,424.5413,441.05505,494.72476,531.88074],
                 "Y":[0.99380803,0.98452014,0.9721362,0.9721362,0.9597523,0.91640866,0.8390093,0.67801857,0.49226007,0.37461302,0.2012384,0.10526316,0.10216718,0.095975235]
                },
    "Park2019":{ "units":["°C","%"],
                 "X":[58.122204,163.18927,248.88226,304.02383,334.57526,358.42026,375.55887,390.462,398.65872,402.3845,409.0909,412.07153,418.77795,426.22952,432.9359,446.34872,519.3741,593.8897],
                 "Y":[99.68848,99.68848,99.2731,97.92316,95.22326,89.82347,81.619934,71.02804,62.92835,53.271027,45.586708,34.890965,26.687435,11.941849,2.9075804,0.62305295,0.5192108,0.5192108]
                },
    "Marcilla2007":{ "units":["°C",""],
                 "X":[196.93307,246.76347,290.90714,327.35352,355.43756,377.16376,395.19986,405.52747,413.17444,418.4669,423.42877,428.0607,435.0377,444.0247,453.02847,465.38962,477.0919],
                 "Y":[0.99907357,0.99373543,0.9859205,0.9668474,0.9453143,0.9162834,0.86215025,0.77163345,0.669827,0.53788465,0.41473833,0.3016443,0.19732948,0.10053969,0.041438118,0.011209825,0.0035986563]
                }
    }
}