{
"TG":{
    "Sezgi 1998 HDPE":   { "units":["s","%"],
                 "X":[0, 3600, 7200, 10800],
                 "Y":[100, 85.86039, 77.46753, 70.535515]
                }
    },
"Gas_Yield":{
    "Sezgi 1998 HDPE":{ "units":["s","w%"],
                 "X":[3600, 7200, 10800],
                 "Y":{
                    "C0-C4":[3.47, 5.4162577, 7.87756],
                    "C5-C100":[10.635479,16.989292,21.338093]
                    },
                "names":["Gases","Condensables"]                  
                }
    }
}
