{
"TG":{
    "Kim2003":{ "units":["°C","X"],
                 "X":[349.57516, 360.9366, 371.09103, 377.96585, 382.41043, 387.8871, 392.14297, 396.06915, 400.50363, 406.15405, 414.21933, 422.81232, 432.44507, 444.49146, 453.0986],
                 "Y":[0.008017029, 0.008235856, 0.015493621, 0.053761836, 0.1626051, 0.27429312, 0.4410427, 0.5569382, 0.7010921, 0.80713373, 0.89627266, 0.94587344, 0.9714829, 0.9844268, 0.98459256]
                },
    "Wu1993":{ "units":["K",""],
                 "X":[518.91266,550.5015,572.52545,595.0054,603.9123,615.0528,623.98016,632.2452,639.6471,647.0614,655.3765,663.2295,671.9264,681.0533],
                 "Y":[0.99893224,0.9896291,0.9815661,0.9481586,0.92578,0.8823136,0.81345594,0.7333188,0.59260243,0.4237169,0.22949483,0.0747017,0.024149999,0.0074090804]
                }
    },
"Gas_Yield":{
    "Kim2003":{ "units":["min","w"],
                 "X":[1e8],
                 "Y":{                
"C6H6+C6H4":[0.015157594],
"C7H8":[0.056380324],
"C8H8":[0.4014278],
"C9H12+C9H10":[0.11941505],
"C15H16":[0.010274818],
"C16H18+C16H16+C16H14":[0.34026345],
"C24H26+C24H24+C24H22":[0.05234324]
                        },
                "names":["C6","C7H8","C8H8","C9","C15","C16","C24"]    
            }
    }
}