{
"TG":{    
    "Jinno2004":{ "units":["°C",""],
                 "X":[69.518715,121.92513,185.02673,263.1016,329.41177,387.16577,412.83423,429.94653,440.64172,445.98932,453.47592,458.82352,463.1016,468.4492,477.00534,488.77005,528.3422,583.9572],
                 "Y":[1.006135,1.00409,1.002045,0.997955,0.993865,0.98568505,0.9775051,0.94274026,0.87525564,0.7648262,0.6380368,0.5092025,0.400818,0.25562373,0.13292433,0.026584867,0.016359918,0.014314928]
                }
    },
"DSC":{
    "Jinno2004":{ "units":["°C","W/g"],
                 "X":[47.058823,97.3262,154.0107,220.32086,296.25668,367.91443,409.62567,431.01605,439.5722,445.98932,450.26736,455.61496,465.24063,480.2139,487.70053,494.11765,501.60428,513.36896,552.94116],
                 "Y":[-1.54241641666667,-3.51328166666667,-5.22707816666667,-5.82690666666667,-6.16966566666667,-6.683805,-7.7120825,-11.6538133333333,-17.4807191666667,-23.9931433333333,-28.706085,-33.161955,-36.0754066666667,-27.1636683333333,-18.5089976666667,-12.2536416666667,-6.25535583333333,-4.45586966666667,-5.14138833333333]
                }
    }
}
