{
"TG":{
    "Kim 2004":{ "units":["°C",""],
                 "X":[375.55362,393.6332,405.24222,413.4256,418.56403,423.51212,429.41177,433.4083,436.6436,444.827,454.34256,465.95157,476.79932,489.55017],
                 "Y":[0.992236,0.992236,0.98136646,0.88975155,0.76863354,0.61024845,0.45652175,0.34937888,0.26708075,0.15372671,0.06987578,0.024844721,0.00931677,0.0015527951]
                },
    "Das 2018":{ "units":["°C",""],
                 "X":[223.45078,293.80273,347.3574,374.74454,400.4738,410.2065,419.7703,431.13275,495.87036],
                 "Y":[1,1,0.93849707,0.7997492,0.49520418,0.22792214,0.08898365,0.008889335,0.0015601484]
                },
    "Wu 1993":{ "units":["K",""],
                 "X":[549.82153,581.8657,603.01807,626.41846,641.49896,655.3132,667.54755,675.3096,683.381,690.81836,699.1965,706.914,716.22943],
                 "Y":[0.9942784,0.99086696,0.98137116,0.960101,0.9131032,0.8306508,0.6969902,0.5317594,0.3921248,0.23673144,0.12859869,0.06573172,0.012733715]
                }
    },
"Gas_Yield":{
        "Kim 2004":{ "units":["min","w%"],
                     "X":[1e8],
                     "Y":{
                          "C6":[0.03642518],
                          "C7":[0.06746932],
                          "C8":[0.15928851],
                          "C9":[0.030609503],
                          "C10":[0.11536505],
                          "C11":[0.04181089],
                          "C12":[0.027623013],
                          "C13":[0.09541277],
                          "C14":[0.08546401],
                          "C15":[0.067037016],
                          "C16":[0.051439207],
                          "C17":[0.03866476],
                          "C18":[0.05981257],
                          "C19":[0.017356144],
                          "C20":[0.025780778],
                          "C21":[0.01017598],
                          "C22":[0.024258984],
                          "C23":[0.007241923],
                          "C24":[0.014254294],
                          "C26":[0.014148259],
                          "C28":[0.004147064],
                          "C29":[0.004089968],
                          "C30":[0.0026252698],
                          "C32":[0.005342593],
                          "C33":[0.0024621373]


                        }                  
                }
            }
}
