{
"TG":{
    "Kim1999":{ "units":["min",""],
                 "X":[0,4.235589,5.798476,7.775407,10.893098,13.50091,16.08586,21.260148,26.1952,31.402974,36.58373,41.610455,46.778745],
                 "Y":[1,0.9021974,0.77360857,0.57245994,0.4207725,0.30464262,0.20358011,0.09872683,0.051384747,0.024626542,0.01567522,0.008074924,0.0073421653]
                }
    },
"Gas_Yield":{
    "Kim1999":{ "units":["min","w%"],
                 "X":[1e8],
                 "Y":{
                    "C7H8":[1.52],
                    "C8H10":[0.23],
                    "C8H8":[71.63],
                    "C9H10":[1.5],
                    "C15H16":[1.82],
                    "C16H16":[16.48],
                    "C24H24":[5.36]
                    },
                "names":["C7H8","C8H10","C8H8","C9H10","C15","C16","C24"]
                }    
     }
}            