{
"DTG":{
    "Dhahak 2019":{ "units":["s","%/min"],
                 "X":[3000,3105.396972,3541.0785,3766.4124,3979.1559,4142.9946,4202.1174,4263.16638,4321.5375,4351.46304,4430.73978,4519.38882,4530.85164,4597.8669,4622.71878,4661.33538,4737.15912,4869.35748,5275.8417,5669.14836,6076.29018,6715.3665],
                 "Y":[0,0.025740271,0.1550156,0.48363453,1.6308206,2.9235299,4.5733356,7.3056455,8.5330105,9.562533,10.697357,9.205039,7.752811,5.943795,4.1218433,2.1413875,1.3356243,0.635118,0.1441102,0.14163773,0.020265497,0]
                }
    },
    
"Gas_Yield":{
    "Dhahak 2019":{ "units":["min","w%"],
                 "X":[170],
                 "Y":{
                      "CO":[4.537582],
                      "CO2":[10.867057],
                      "C2H4":[0.4],
                      "CH3CHO":[11.581551],
                      "C6H6":[0.18],
                      "BA":[11.091384],
                      "MVT":[1.8485639],
                      "DVT":[0.109717265],
                      "EGDB":[0.44757316]

                   },
                    "names":["CO","CO2","C2H4","CH3CHO","MAH","BA","MVT","DVT","EGDB"],
                       "stddev":{
                              "Y":{
                                  "CO":[0.169278862068969],
                                  "CO2":[0.446036709359699],
                                  "C2H4":[0.00737868],
                                  "CH3CHO":[1.1312134039409],
                                  "C6H6":[0.016936078],
                                  "BA":[0.149158],
                                  "MVT":[0.0975590299999999],
                                  "DVT":[0.00646916],
                                  "EGDB":[0.01690714]


                                  }
                                }   
                  }
             }  
}
