{
"TG":{
    "Brems 2011":{ "units":["°C","%"],
                 "X":[300.663716814159,313.274336283185,327.21238938053,347.123893805309,361.061946902654,377.654867256637,390.265486725663,400.884955752212,414.159292035398,420.132743362831,424.778761061946,432.743362831858,436.725663716814,442.035398230088,447.345132743362,451.991150442477,459.29203539823,473.230088495575,497.787610619469,511.725663716814,544.247787610619,571.46017699115,583.407079646017],
                 "Y":[99.3808049535603,99.6904024767801,99.3808049535603,99.6904024767801,99.3808049535603,97.8328173374613,96.2848297213622,92.8792569659442,85.4489164086687,78.3281733746129,70.8978328173374,60.0619195046439,49.5356037151702,39.3188854489164,32.8173374613003,25.0773993808049,17.0278637770897,11.7647058823529,9.90712074303405,9.28792569659441,8.9783281733746,8.35913312693499,7.73993808049534]
                }
    }
}
