{
"TG":{
    "Adnan2015":{ "units":["°C",""],
                 "X":[144.82759,245.65993,285.61237,332.22354,375.981,398.81094,417.8359,428.29965,435.90964,444.47086,450.17834,460.6421,478.71582,539.5957],
                 "Y":[1,0.9971223,0.9884892,0.9827338,0.9669065,0.88776976,0.7438849,0.58848923,0.42302158,0.2820144,0.1352518,0.030215828,0,0]
                }
    }
}