{
"TG":{
    "Ballice 2002":{ "units":["째C",""],
                 "X":[154.76396,206.37321,292.7822,345.55124,401.81235,419.83395,429.75793,437.4072,450.8412,453.2228,460.21295,472.98038,487.48898,515.32996],
                 "Y":[0.99078315,0.9942235,0.98477465,0.98821914,0.9640195,0.8664722,0.7233432,0.4825936,0.2727755,0.1377536,0.06945019,0.048346993,0.023996344,0.0110820085]
                },
    "Martinez 2017":{ "units":["째C",""],
                 "X":[268.79333,298.32816,327.86273,350.8327,372.1596,390.20285,404.14346,418.62183,427.355,434.4446,440.7123,446.43106,450.5157,455.69373,459.78162,464.14523,473.43756,490.93982],
                 "Y":[0.9985878,0.99712706,0.9943366,0.9849262,0.9635551,0.9315602,0.8969239,0.81308305,0.7172996,0.60689574,0.4885168,0.359502,0.2663987,0.17063098,0.09481492,0.030965738,0.000339417,0.00026183596]
                },
    "Sogancioglu 2020":{ "units":["째C",""],
                 "X":[252.70937,344.33496,416.25616,433.99014,447.78326,454.6798,460.59113,470.44336,473.39902,562.069],
                 "Y":[0.99105114,0.9846591,0.9693182,0.9041193,0.7711648,0.5985795,0.38636363,0.22400568,0.093607955,0.025852272]
                },
    "Rychly 1987":{ "units":["K",""],
                 "X":[585.6,596.5,608.3,621.1,632.7,643.4,655,667.5,690.4,703.6],
                 "Y":[0.9876,0.9801,0.9702,0.9578,0.9404,0.9132,0.8734,0.8139,0.6104,0.4417]
                },
    "Rychly 1987 air":{ "units":["K",""],
                 "X":[494.5,505.5,518.5,530,540.4,552.7,565,578,589.8,602.5,615.3,628.8],
                 "Y":[0.9889,0.975,0.9583,0.9333,0.9028,0.8556,0.8,0.725,0.6278,0.5056,0.3472,0.1611]
                },
    "Wu 2015":{ "units":["째C",""],
                 "X":[145.03336,246.4073,324.83383,371.84396,405.4827,424.58057,433.96512,444.60233,449.18015,457.46185,474.26248],
                 "Y":[0.9960275,0.99231636,0.9772831,0.93660904,0.8298581,0.68293915,0.49581253,0.3403301,0.1676314,0.052455926,0]
                },
    "Wu 1993":{ "units":["K",""],
                 "X":[552.3849,583.4653,621.2763,650.7639,671.9265,689.90454,705.98224,714.36896,723.08887,731.4892,738.92316,747.61224,760.4524],
                 "Y":[0.9943204,0.9967988,0.99545056,0.9762488,0.9431306,0.86468357,0.7350231,0.607205,0.44986412,0.29054946,0.14303023,0.056556616,0.0036164273]
                }            
    }
}
