{
"TG":{
    "Bockhorn1998":{ "units":["min","X"],
                 "X":[0.42321643, 2.962515, 3.808948,  5.92503, 7.617896, 10.580411, 13.966143, 22.007256, 49.516323, 71.52358],
                 "Y":[0.060689654, 0.21241379, 0.3448276, 0.49103448, 0.64, 0.7751724, 0.87310344, 0.95862067, 0.99310344, 0.99310344]
                }
    }
}