{
"TG":{
    "Jellinek 1949 HDPE":{ "units":["min","X"],
                 "X":[1.5205306,5.038476,9.130586,18.256413,30.604115,38.31092,50.278492,68.981125,103.26972,126.43561],
                 "Y":[0.084323995,0.18637693,0.2591693,0.39170486,0.5126665,0.5998358,0.6997165,0.7634425,0.8180388,0.8473812]
                }
    }
}