{
"TG":{
    "Kiang 1980 APP":{ "units":["min",""],
                 "X":[0.25949126,0.4187175,0.8341307,1.6770386,3.4011118],
                 "Y":[0.8305241,0.6948901,0.39949465,0.23560494,0.13833731]
                }                                
    }
}