{
"TG":{
    "Conesa 1996 HDPE":{ "units":["°C",""],
                 "X":[427.1777,444.03952,461.9016,478.93924,492.51642,504.1159,515.89124,523.20575,532.1885,540.36383,547.72815,552.9275,559.2962,569.2467],
                 "Y":[0.99668235,0.9927956,0.97444934,0.9528308,0.9132752,0.86393064,0.7968543,0.7263004,0.63003457,0.50146556,0.3470446,0.21992043,0.07189481,0.016005652]
                }
    }
}
