{
"TG":{
    "Krishna2019":{ "units":["s",""],
                 "X":[0,4.095647,6.016118,8.0331955,9.954695,15.042607,20.017471,24.940948,29.959661,39.900997],
                 "Y":[1,0.94596064,0.8031063,0.643743,0.4843599,0.12728332,0.05117597,0.03290942,0.0201722,0.002942396]
                }
    }
}