{
"TG":{
    "Aboulkas 2010 HDPE":{ "units":["K","%"],
                 "X":[324.58228	,435.43945	,509.0959	,576.3212	,649.98193	,695.7601	,720.09937	,733.7347	,743.1031	,748.8949	,750.39166	,759.0449	,763.37836	,778.42004	,812.74744],
                 "Y":[100	,100	,100	,97.24123	,96.88502	,94.8122	,89.31705	,78.69516	,62.75882	,47.0111	,32.210796	,16.274231	,6.787922	,1.4795784	,1.300681]
                },
    "Budrugeac 2009 HDPE":{ "units":["°C","X"],
                 "X":[396.05164,425.0704,441.91025,452.56506,460.0301,467.4832,472.5018,477.33002,486.8041,492.39856,502.87842],
                 "Y":[0.004891487,0.030542463,0.0789384,0.14533222,0.23337448,0.36238068,0.49135754,0.6311756,0.8939418,0.9747326,0.99895537]
                },
    "Capote 2011 HDPE":{ "units":["K","%"],
                 "X":[319.86838,398.94766,482.51785,548.1867,601.1713,651.17084,692.23083,716.13574,728.1495,736.44073,741.0119,746.3605,752.46643,756.4049,764.0257,770.07153,795.4556,835.0097,863.3654],
                 "Y":[103.14901,105.67501,106.865715,107.14757,107.19488,107.23952,105.71366,103.27961,95.92415,87.67249,78.30143,65.80601,52.19518,31.439442,15.597785,8.01378,6.9203553,6.7324543,6.98099]
                },
    "Cozzani 1996 HDPE":{ "units":["°C",""],
                 "X":[210.20496,267.12625,312.662,360.30652,388.97473,412.15564,426.47433,438.6694,447.06198,451.65976,457.09015,459.5655,462.47314,464.9627,467.45465,470.37238,472.448,474.9512,479.1457,487.13324,498.51523],
                 "Y":[0.9986258,0.99726766,0.99366975,0.99120533,0.9842469,0.96589386,0.9327344,0.86990255,0.792245,0.7146019,0.6164077,0.51137537,0.42688942,0.34925434,0.27618548,0.21110585,0.14831254,0.096933134,0.054679718,0.008987205,0.004377682]
                },
    "Jinno 2004 HDPE":{ "units":["°C","%"],
                 "X":[203.94113,266.09177,320.33026,380.23636,413.0353,434.55783,449.31348,459.57745,469.82224,472.16895,481.27487,486.97055,496.03052,541.23206,590.94946],
                 "Y":[100.71237,100.05951,99.84934,96.529305,91.20324,81.87466,70.322334,53.88011,40.771225,25.66058,14.107003,6.1082387,2.5546832,1.8980588,1.9091071]
                },
    "Kayacan 2008 HDPE":{ "units":["K","%"],
                 "X":[520.9028	,561.9027	,610.2349	,653.9013	,693.23236	,721.56067	,734.8787	,741.1954	,745.17096	,748.8087	,752.78345	,754.42346	,758.0662	,762.04034	,767.01733	,776.00146],
                 "Y":[99.52547	,99.513466	,99.03094	,98.901054	,97.952774	,95.836754	,89.39258	,82.36497	,72.05936	,59.88031	,49.22341	,37.981716	,27.910395	,17.019304	,7.2988806	,0.62177926]
                },
    "Kayacan 2008 HDPE waste":{ "units":["K","%"],
                 "X":[504.56125	,549.3846	,616.6147	,681.1306	,714.05963	,737.119	,747.9145	,749.8844	,753.2195	,757.21515	,760.8898	,766.947	,771.3221	,782.8532],
                 "Y":[99.76099	,100.0	,99.57655	,99.53843	,97.86411	,91.58571	,77.15851	,63.327545	,50.91422	,34.717987	,22.304459	,11.071554	,3.0311363	,0.18743917]
                },
    "Mazloum 2021 HDPE":{ "units":["°C",""],
                 "X":[350.97964,390.5029,425.4235,449.21884,463.42746,470.35165,473.8229,476.9104,479.23105,483.0851,485.7889,488.1116,491.9695,497.36087,501.58926,508.11502],
                 "Y":[1,1.0047542046252,0.998685832206767,0.977142764874763,0.921601196231565,0.832068349897733,0.739436729688507,0.646803940952426,0.551080611143794,0.463082306145113,0.370448311701777,0.263916783041318,0.155845953954518,0.0555000593824102,0.0169121359162451,0.00457997567764466]
                },
    "Rychly 1989 HDPE":{ "units":["K",""],
                 "X":[669.9,682.3,694.6,706,718.2,731.3,743.3,755.4,769.2],
                 "Y":[0.9854,0.9766,0.962,0.9386,0.9006,0.8246,0.6871,0.4444,0.1404]
                }
    },
"DSC":{
    
    "Capote 2011 HDPE":{ "units":["K","W/g"],
                 "X":[300.4433,305.7429,317.02814,331.97565,349.87036,369.2932,384.263,391.00165,396.27448,400.8122,405.96252,409.6426,414.06226,431.96585,465.5677,503.6404,546.9526,585.7938,611.1935,647.05414,661.2487,667.2411,669.5044,680.7072,688.9429,693.46277,699.47296,709.20105,720.4462,728.73975,735.543,740.8292,746.1355,753.6538,760.3278,762.48193,764.62274,765.26654,768.88196,771.7668,773.9276,776.8347,783.4998,804.40405,826.06793,856.67804],
                 "Y":[0.005373758,-0.25715622,-0.5735852,-0.65038615,-0.5957491,-0.6646854,-0.81874853,-0.89580315,-1.0656185,-1.274088,-1.0189613,-0.841143,-0.64012295,-0.61639076,-0.6848889,-0.73007,-0.82917315,-0.95159334,-1.0435238,-1.1814888,-1.235134,-1.3122118,-1.397131,-1.4276898,-1.5201508,-1.6668105,-1.8056979,-1.8981128,-2.0754697,-2.3688123,-2.6699274,-2.8861,-3.1718087,-3.3647335,-3.217728,-2.9240623,-2.5840394,-2.2286105,-1.8267317,-1.4789597,-1.2084728,-0.9379629,-0.7600523,-0.7903114,-0.8669048,-0.9123165]
                },
    "Cozzani 1996 HDPE":{ "units":["°C","W/g"],
                 "X":[186.30669,219.61534,252.9234,297.1924,327.12378,357.05338,380.6488,398.75284,412.641,421.88278,433.22272,444.99078,452.5389,458.40518,462.997,466.75803,469.6787,475.98502,478.97504,481.55765,485.41348,487.9931,489.72946,490.60535,492.3322,493.62915,495.35187,496.64938,500.89368,505.54184,518.1811,535.459,554.0042,581.39795,614.693,634.08093,664.85376,691.83716,717.5568],
                 "Y":[-0.056521017,-0.06440975,-0.07603538,-0.09900829,-0.13301334,-0.1782291,-0.28315657,-0.45154312,-0.6161403,-0.8329963,-1.1134061,-1.352715,-1.6143929,-1.8461546,-2.137691,-2.3507419,-2.5450976,-2.6610205,-2.4181583,-2.0856054,-1.7007514,-1.3868829,-1.0730039,-0.86748457,-0.61339605,-0.41161892,-0.18368872,0.021825312,0.19740734,0.26087695,0.19719198,0.13718617,0.09211221,0.009558914,-0.084278636,-0.1331,-0.17832626,-0.18987311,-0.1939304]
                },
    "Jinno 2004 HDPE":{ "units":["°C","W/g"],
                 "X":[34.440887,49.158226,77.42593,97.780205,107.99182,113.68877,118.17279,122.64276,144.09889,188.18068,250.32748,315.86923,376.90015,425.503,469.6052,480.88547,493.28546,557.70746,622.1397,685.4433,767.97375,825.6378,937.59015],
                 "Y":[-0.127931566666667,-0.599721633333333,-0.9210054,-1.17808095,-1.88602066666667,-2.67989483333333,-2.07893641666667,-1.2419255,-1.02687145,-1.2619785,-1.26064483333333,-1.34507583333333,-1.579819,-1.83628833333333,-2.41474466666667,-2.09261216666667,-1.59878083333333,-1.85491066666667,-2.28271516666667,-2.73200333333333,-3.48131,-4.10239383333333,-5.58068716666667]
                },
    "Mazloum 2021 HDPE":{ "units":["°C","W/g"],
                 "X":[25.68306,35.928963,55.054646,73.49727,96.72131,112.431694,121.99454,126.775955,128.82513,132.9235,137.02185,141.80328,145.21858,145.90164,146.5847,151.36612,156.14754,170.4918,197.13115,232.65027,286.61203,331.01093,358.33334,377.459,391.80328,407.51367,425.9563,443.03278,454.6448,460.79236,466.25684,471.03824,478.5519,483.33334,489.48087,490.847,494.94534,496.99454,498.36066,499.0437,501.77597,503.82513],
                 "Y":[-0.0378390788736506,-0.193399746025999,-0.344756055146819,-0.369982106666956,-0.35736910215283,-0.487703698132545,-0.706329495678681,-0.899729241704681,-1.07631165546049,-1.32436775792203,-1.57242396661328,-1.39163724634734,-1.18562452767613,-0.933364012474768,-0.639060007253365,-0.491908004642663,-0.403616861502585,-0.361573440531862,-0.374186466291931,-0.369982106666956,-0.369982106666956,-0.378390804670963,-0.386799492051999,-0.433047235467297,-0.466682006237384,-0.44986462085234,-0.491908004642663,-0.55917749306798,-0.702125136053706,-0.874503190184544,-1.02585949930536,-1.2066462195713,-1.32016345141191,-1.52197191668786,-1.38322863332711,-1.16460272955126,-0.920750986714699,-0.706329495678681,-0.48349933850757,-0.315325670559136,-0.147151970741787,-0.02102171101651]
                }
                
      }    
}
