{
"Gas_Yield":{
        "Amorim 1982":{ "units":["s","w%"],
                     "X":[1e8],
                     "Y":{
                          "C1-C8":[52.152893],
                          "C9":[17.617569],
                          "C12":[2.4116347],
                          "C15":[3.6997902]
      
                        }                  
                },
     "Park 2021 detailed":{ "units":["s","w%"],
                     "X":[1e8],
                     "Y":{
                          "C0-C5":[4],
                          "C6":[0.49],
                          "C7":[0.89],
                          "C8":[0.81],
                          "C9":[5.81],
                          "C10":[12.52],
                          "C11":[15.67],
                          "C12":[1.16],
                          "C13":[0.18],
                          "C14":[0.87],
                          "C15":[0.27],
                          "C16":[0.37],
                          "C18":[3.7],
                          "C19":[0.16],
                          "C20":[2.02],
                          "C21":[2.99],
                          "C22":[0.32],
                          "C25":[0.83],
                          "C28":[0.12],
                          "C32":[0.63],
                          "C35":[0.39]
                        }                  
                },
    "Park 2021":{ "units":["s","w%"],
                     "X":[1e8],
                     "Y":{
                          "C0-C5":[4],
                          "C6-C10":[20.52],
                          "C11-C20":[24.4],
                          "C20-C100":[51.08]
                        }                  
                }
            }
}
