{
"TG":{
    "Krishna2019":{ "units":["s",""],
                 "X":[0,3.9539924,5.9244795,8.089891,9.921293,11.983077,15.047575,20.067657,30.104229],
                 "Y":[1,0.91838306,0.7397263,0.50050354,0.25294733,0.14318016,0.0473943,0.012618733,0.00091826456]
                }
    }
}