{
"TG":{
    "Kruse2002":{ "units":["min","X"],
                 "X":[0,5,10,30,60,120,180],
                 "Y":[0,0.046093855,0.09218771,0.2257659,0.37538594,0.56614053,0.61383814]
                }
    },
"Gas_Yield":{
    "Kruse2002":{ "units":["min","w"],
                 "X":[0,5,10,30,60,120,180],
                 "Y":{
                    "C8H8":[0,0.025324624,0.057564326,0.12654713,0.22999333,0.34921744,0.34384614],
                    "C16H16":[0,0.004968944,0.013043478,0.045962732,0.081987575,0.12546584,0.09751553],
                    "C24H24":[0,0.009937888,0.022981366,0.039751552,0.049068324,0.0378882,0.0124223605]
                    },
                "names":["C8H8","C16H16","C24H24"]
                }
    },
"MWn":{
    "Kruse2002":{ "units":["min","g/mol"],
                 "X":[0,5,10,30,60,120,180],
                 "Y":[50550,29585.41,24904.582,19833.93,16633.744,11515.894,7392.7104]
                }
    },
"MWw":{
    "Kruse2002":{ "units":["min","g/mol"],
                 "X":[0,5,10,30,60,120,180],
                 "Y":[57298.605,41672.3479999999,37701.25,31208.229,27725.432,19620.662,10663.986]
                }
    }
}