{
"TG":{
    "Horton 2016":{ "units":["K","%"],
                 "X":[344.5,479.5,627.5,681.5,706.5,725.5,741.5,754.5,761.5,776.5,793.5,846.5,915.5],
                 "Y":[100,100,99.68896,98.44479,93.157074,80.87092,66.09642,49.300156,39.502335,25.972006,17.573872,16.329704,16.174183]
                },
    "Das 2019":{ "units":["°C","%"],
                 "X":[298.237885462555,310.572687224669,323.494860499265,347.577092511013,364.61086637298,378.120411160058,387.518355359765,399.265785609398,411.600587371512,420.411160058737,428.046989720998,435.682819383259,440.381791483113,446.842878120411,448.604992657856,452.129221732746,456.240822320117,459.177679882525,461.527165932452,464.46402349486,467.98825256975,471.51248164464,473.861967694566,476.798825256975,482.672540381791,488.546255506607,497.356828193832,516.152716593245,536.123348017621,551.982378854625,569.603524229074,583.113069016152,609.544787077826,630.102790014684,643.612334801762,660.058737151248,673.568281938326,687.077826725403,700],
                 "Y":[99.5110024449877,100,100,99.2665036674816,99.2665036674816,99.2665036674816,99.5110024449877,99.2665036674816,98.5330073349633,96.5770171149144,93.3985330073349,90.7090464547677,86.0635696821515,80.440097799511,76.0391198044009,69.9266503667481,65.0366748166259,59.9022004889975,54.7677261613691,49.3887530562347,43.7652811735941,37.8973105134474,31.5403422982884,27.1393643031784,23.7163814180929,20.5378973105134,18.0929095354523,16.3814180929095,15.403422982885,15.1589242053789,13.9364303178484,14.1809290953545,13.6919315403422,13.6919315403422,13.6919315403422,13.6919315403422,13.6919315403422,13.4474327628361,12.9584352078239]
                }
    }
}
