{
"TG":{
    "Janajreh 2020 LDPE":{ "units":["°C",""],
                 "X":[342.86838,383.5674,410.70938,424.9131,434.4179,443.35956,448.76904,454.79315,459.022,462.02713,467.99564,475.69543,495.15567],
                 "Y":[0.99308234,0.9734851,0.94836485,0.8797511,0.7875951,0.6610768,0.52729964,0.360977,0.22899963,0.1548799,0.06089,0.015737487,0.012261592]
                }
    },
"DSC":{
    
    "Janajreh 2020 LDPE":{ "units":["°C","W/g"],
                 "X":[21.12053,29.790848,32.336487,37.04207,48.984314,65.53899,84.74119,99.31204,107.27063,115.84489,134.36737,163.46687,210.4106,259.9902,316.17334,363.10397,411.35764,435.8272,458.31155,470.83597,480.71725,515.08704,556.7241,589.11444],
                 "Y":[1.6528662,0.7598225,1.8484219,0.95516354,0.4197023,0.030702068,-0.40689185,-0.7797538,-1.1042367,-0.92506975,-1.1515064,-1.4261075,-1.7322336,-1.9569885,-2.1326487,-2.2925642,-2.468654,-2.6947684,-2.8884993,-2.5466614,-2.2049668,-2.3005798,-2.3795533,-2.507765]
                }
      }
}
