{
"TG":{
    "Bouster1980 EPS":{ "units":["h","X"],
                 "X":[0.01,0.09415615,0.14851695,0.2813354,0.3513825,0.4371598,0.54655886,0.60094607,0.7105123,0.7573159,0.9294688,1.0861025,1.3211939,1.4780124,1.6505347,1.8074148,2.0898201,2.4977505],
                 "Y":[0.077294335,0.16615634,0.24985662,0.3361464,0.42113712,0.50098056,0.56924045,0.64907813,0.6928747,0.7340847,0.8062188,0.85259914,0.901569,0.920911,0.93896836,0.94929755,0.9648,0.9854757]
                }
    }
}