{
"TG":{
    "Day 1984":{ "units":["s","X%"],
                 "X":[10],
                 "Y":[81.142044]
                }
    },
    
"Gas_Yield":{
    "Day 1984":{ "units":["s","w%"],
                 "X":[10],
                 "Y":{
"CO":[8.13551272916667],
"CO2":[13.8857285416667],
"CH4":[0.13850175],
"C2H4":[3.44002005208333],
"CH3CHO":[9.27375464583333],
"C6H6":[0.793332434375],
"BA":[4.71815302083333],
"VB":[6.93134027083333],
"DVT":[13.8828077083333],
"EGDB":[4.02798518125]
                    },
                "names":["CO","CO2","CH4","C2H4","CH3CHO","MAH","BA","VB","DVT","EGDB"]            
                  }
             }  
}
