{
"TG":{
    "Brems 2011":{ "units":["°C","%"],
                 "X":[300.663716814159,312.610619469026,326.548672566371,338.495575221238,350.442477876106,363.053097345132,375.663716814159,388.938053097345,400.221238938053,408.185840707964,417.477876106194,423.451327433628,429.424778761061,434.734513274336,440.04424778761,444.690265486725,448.672566371681,454.646017699115,457.300884955752,463.274336283185,468.58407079646,472.566371681415,483.849557522123,497.123893805309,511.061946902654,528.982300884955,547.566371681416,565.486725663716,583.407079646017],
                 "Y":[99.6904024767801,99.3808049535603,99.3808049535603,99.3808049535603,99.3808049535603,99.0712074303405,99.0712074303405,99.0712074303405,98.1424148606811,96.594427244582,93.188854489164,88.5448916408668,82.3529411764705,77.7089783281733,72.7554179566563,67.1826625386996,59.1331269349845,52.0123839009287,44.2724458204334,34.6749226006191,26.9349845201238,19.8142414860681,13.9318885448916,11.7647058823529,11.4551083591331,11.4551083591331,10.8359133126934,10.5263157894737,10.5263157894737]
                },
    "Das 2019":{ "units":["°C","%"],
                 "X":[298.825256975036,309.985315712187,324.669603524229,337.004405286343,350.513950073421,364.61086637298,375.770925110132,389.280469897209,403.964757709251,415.124816446402,423.348017621145,431.571218795888,439.207048458149,445.668135095447,450.954478707782,453.89133627019,457.41556534508,459.765051395007,462.701908957415,465.638766519823,467.400881057268,470.337738619677,472.687224669603,475.03671071953,477.973568281938,481.497797356828,485.022026431718,490.895741556534,497.944199706314,509.104258443465,527.900146842878,545.521292217327,565.491923641703,590.748898678414,607.782672540381,628.928046989721,648.898678414097],
                 "Y":[99.5110024449877,99.7555012224938,99.5110024449877,99.7555012224938,99.7555012224938,99.2665036674816,99.2665036674816,99.5110024449877,99.5110024449877,98.7775061124694,97.0660146699266,94.1320293398533,90.2200488997555,86.7970660146699,82.3960880195599,77.2616136919315,72.6161369193154,68.2151589242053,62.5916870415647,58.1907090464547,53.5452322738386,48.6552567237163,44.7432762836185,38.8753056234718,34.2298288508557,29.8288508557457,25.1833740831295,21.0268948655256,18.5819070904645,17.1149144254278,16.1369193154034,15.6479217603911,15.403422982885,14.4254278728606,14.4254278728606,14.4254278728606,13.9364303178484]
                }
    }
}
