{
"DTG":{
    "Dhahak 2019":{ "units":["s","%/min"],
                 "X":[3015.47277936963,3222.38262936963,3636.12969936963,3851.06607936963,3966.63339936963,4061.41413936963,4162.86537936963,4194.09987936963,4253.78427936963,4321.05927936963,4381.37319936963,4467.83685936963,4515.59649936963,4562.14545936963,4678.11219936963,4682.55525936963,4765.24179936963,4863.40017936963,5047.92537936963,5375.86257936963,5718.08517936963],
                 "Y":[0,0.0663874,0.15852953,0.7260073,1.5514692,2.7156746,3.622494,5.139263,6.615216,8.348463,10.176565,10.67715,9.471392,7.588423,4.648544,3.1450887,1.5327741,0.5975786,0.10879072,0.066042475,0.036746472]
                }
    },
    
"Gas_Yield":{
    "Dhahak 2019":{ "units":["min","w%"],
                 "X":[150],
                 "Y":{
                      "CO":[4.457736],
                      "CO2":[9.566586],
                      "C2H4":[0.33],
                      "CH3CHO":[10.88202],
                      "C6H6":[0.2],
                      "BA":[6.391645],
                      "MVT":[1.5039165],
                      "DVT":[0.12146825],
                      "EGDB":[0.11138145]

                    },
                    "names":["CO","CO2","C2H4","CH3CHO","MAH","BA","MVT","DVT","EGDB"],
                       "stddev":{
                              "Y":{
                                 "CO":[0.11553966256158],
                                  "CO2":[0.24451462068966],
                                  "C2H4":[0.00233835],
                                  "CH3CHO":[0.730856009852301],
                                  "C6H6":[0.00645906500000001],
                                  "BA":[0.132839600000001],
                                  "MVT":[0.25894242],
                                  "DVT":[0.00873088],
                                  "EGDB":[0.01881768]


                                  }
                                }   
                  }
             }  
}
