{
"TG":{
    "Sustaita-Rodriguez 2019":{ "units":["°C","%"],
                 "X":[218.738738738738,231.981981981982,249.009009009009,264.144144144144,284.954954954954,300.09009009009,311.441441441441,324.054054054054,330.990990990991,337.927927927927,342.972972972972,345.495495495495,349.279279279279,352.432432432432,353.693693693693,354.954954954954,356.846846846846,358.108108108108,360,362.522522522522,365.675675675675,369.459459459459,375.765765765765,385.855855855855,397.837837837837,411.711711711711,427.477477477477,443.243243243243,464.684684684684,477.297297297297,489.909909909909,499.369369369369],
                 "Y":[99.740932642487,99.740932642487,99.740932642487,99.2227979274611,99.2227979274611,99.2227979274611,99.481865284974,98.7046632124352,99.2227979274611,98.4455958549222,96.6321243523315,94.041450777202,89.6373056994818,83.9378238341968,76.6839378238341,70.7253886010362,60.880829015544,51.2953367875647,42.2279792746113,33.9378238341968,29.2746113989637,24.6113989637305,21.2435233160621,19.4300518134714,17.3575129533678,15.5440414507772,14.7668393782383,14.7668393782383,14.2487046632124,14.2487046632124,13.7305699481865,13.7305699481865]
                }
    }
}
