{
"Gas_Yield":{
    "Yang1998":{ "units":["s","w%"],
                 "X":[3],
                 "Y":{
                    "C8H8":[63.636364],	"C16H16":[3.4335654],	"C24H24":[2.2025723]
                    },
                "names":["C8H8","C16H16","C24H24"]
                }      

     }
}            