{
"DTG":{
    "Dhahak 2019":{ "units":["s","%/min"],
                 "X":[3015.47277936963,3042.41830656963,3464.40530136963,3748.63257936963,3894.76293936963,4059.73017936963,4116.09615936963,4231.69491936963,4229.88837936963,4286.61567936963,4295.34759936963,4323.35007936963,4442.48967936963,4493.37573936963,4544.40627936963,4664.70213936963,4784.66079936963,4904.28225936963,5092.54257936963,5368.11027936963,5888.71389936963,6419.01273936963,6968.77521936963,7331.98677936963],
                 "Y":[0, 0.026579397,0.080957055,0.32030976,0.9300676,1.9769757,3.3678963,4.5735817,5.5669575,6.759203,7.355261,8.150059,7.408728,6.4155154,5.3428326,3.9657416,2.7740812,1.7678508,0.8015829,0.4051428,0.20819037,0.07749548,0.03958063,0.027538236]
                }
    },
    
"Gas_Yield":{
    "Dhahak 2019":{ "units":["min","w%"],
                 "X":[190],
                 "Y":{
                      "CO":[3.1901453],
                      "CO2":[8.092422],
                      "C2H4":[0.22],
                      "CH3CHO":[10.797496],
                      "C6H6":[0.06],
                      "BA":[5.7963448],
                      "MVT":[2.537859],
                      "DVT":[0.13606896],
                      "EGDB":[0.109476686]

                    },
                    "names":["CO","CO2","C2H4","CH3CHO","MAH","BA","MVT","DVT","EGDB"],
                       "stddev":{
                              "Y":{
                                  "CO":[0.29019257389163],
                                  "CO2":[0.34930613300493],
                                  "C2H4":[0.011795056],
                                  "CH3CHO":[0.714733310344901],
                                  "C6H6":[0.0255054975],
                                  "BA":[0.4401226],
                                  "MVT":[0.70297993],
                                  "DVT":[0.01196451],
                                  "EGDB":[0.013176464]

                                  }
                                }   
                  }
             }  
}
