{
"TG":{
    "Khedri 2017 HDPE":{ "units":["min",""],
                 "X":[0,7.62765,20.949104,35.055748,51.12382,64.8429,81.69617,96.59238,112.66001,127.94597,147.5384,163.21147,183.19016,210.6073,246.24155,270.51926,292.05518,311.6323],
                 "Y":[1,0.956568025332235,0.906957319747289,0.846999274579137,0.768419252278256,0.689825391320517,0.600898082956096,0.509888752490194,0.433379176751301,0.350653750383048,0.267953829959148,0.205934658296802,0.148081755726451,0.0902728539683763,0.0532165167198499,0.0305857788763072,0.0141500037005027,0.00391383081240409]
                }
    },
"DSC":{
    "Khedri 2017 HDPE":{ "units":["min","W/g"],
                 "X":[0,2.5464911,5.6600857,19.756218,38.16146,60.486065,81.63661,100.44167,118.856544,138.84311,156.86955,177.6413,200.76555,221.14185,239.55936,263.84232,288.51724,312.0194,325.72534],
                 "Y":[-17.2472518415353,-19.6479820332947,-21.5153466881724,-21.2948792993878,-20.8082479006528,-19.8775997560726,-18.9023513789419,-17.5711910970186,-16.106626927549,-14.0643913468178,-12.2886164279078,-10.0242222369019,-7.40451479681182,-5.54013501024214,-3.80886146541131,-2.78955860342416,-1.72585391393915,-0.484193730797908,-0.130321605797984]
                }
    }
}